<?xml version = '1.0' encoding = 'UTF-8'?>
<Faults>
   <Fault>
      <severity>warning</severity>
      <loc/>
      <line>33</line>
      <col/>
      <file>BPEL/packAndShipOrder.bpel</file>
      <name>BPEL/packAndShipOrder.bpel</name>
      <fix>You should place all explicit &lt;bpel:import> statements in a BPEL 2.0 process.</fix>
      <msg>There are no explicit "import" statements in &lt;bpel:process> "packAndShipOrder" as required by BPEL 2.0 standard.</msg>
   </Fault>
   <Fault>
      <severity>warning</severity>
      <loc/>
      <line>22</line>
      <col/>
      <file>BPEL/updateOrderStatusSP.sbpel</file>
      <name>BPEL/updateOrderStatusSP.sbpel</name>
      <fix>You should place all explicit &lt;bpel:import> statements in a BPEL 2.0 process.</fix>
      <msg>There are no explicit "import" statements in &lt;bpelx:subProcess> "updateOrderStatusSP" as required by BPEL 2.0 standard.</msg>
   </Fault>
</Faults>
