<?xml version = '1.0' encoding = 'UTF-8'?>
<!DOCTYPE properties SYSTEM "http://java.sun.com/dtd/properties.dtd">
<properties>
   <entry key="SOAINFRA.E2E_1201_ADDRESSES.ADDRESS_LINE1:db_column_size">180</entry>
   <entry key="SOAINFRA.E2E_1201_PAYMENTINFO.CARD_NAME:db_column_not_null">false</entry>
   <entry key="SOAINFRA.E2E_1201_ORDERS.TOTAL_AMOUNT:db_column_not_null">false</entry>
   <entry key="SOAINFRA.E2E_1201_ORDERS.ORDER_DATE:db_column_type">DATE</entry>
   <entry key="SOAINFRA.E2E_1201_ORDERS.SESSIONID:db_column_not_null">false</entry>
   <entry key="SOAINFRA.E2E_1201_ADDRESSES.FIRST_NAME:db_column_type">VARCHAR</entry>
   <entry key="SOAINFRA.E2E_1201_ORDERS.ORDER_NUMBER:db_column_not_null">true</entry>
   <entry key="SOAINFRA.E2E_1201_ADDRESSES.STATE:db_column_size">15</entry>
   <entry key="SOAINFRA.E2E_1201_ORDERS:db_column_5">STATUS</entry>
   <entry key="SOAINFRA.E2E_1201_ORDERS:db_column_4">EMAIL</entry>
   <entry key="SOAINFRA.E2E_1201_ORDERS:db_column_3">TOTAL_AMOUNT</entry>
   <entry key="SOAINFRA.E2E_1201_ORDERS:db_column_2">ORDER_DATE</entry>
   <entry key="SOAINFRA.E2E_1201_SHIPPINGINFO.ADDRESS_ID:db_column_not_null">true</entry>
   <entry key="SOAINFRA.E2E_1201_ORDERS:db_column_1">SESSIONID</entry>
   <entry key="SOAINFRA.E2E_1201_ORDERS:db_column_0">ORDER_NUMBER</entry>
   <entry key="SOAINFRA.E2E_1201_ADDRESSES.STATE:db_column_not_null">true</entry>
   <entry key="SOAINFRA.E2E_1201_ORDER_ITEMS.MODEL:db_column_not_null">true</entry>
   <entry key="SOAINFRA.E2E_1201_ORDER_ITEMS.SKU:db_column_not_null">true</entry>
   <entry key="SOAINFRA.E2E_1201_BILLINGINFO.ADDRESS_ID:db_column_type">BIGINT</entry>
   <entry key="SOAINFRA.E2E_1201_BILLINGINFO.ADDRESS_ID:db_column_not_null">true</entry>
   <entry key="SOAINFRA.E2E_1201_ORDER_ITEMS.CATEGORY_ID:db_column_type">BIGINT</entry>
   <entry key="SOAINFRA.E2E_1201_ORDER_ITEMS.QUANTITY:db_column_type">BIGINT</entry>
   <entry key="SOAINFRA.E2E_1201_BILLINGINFO.CARDPAYMENTTYPE:db_column_not_null">true</entry>
   <entry key="SOAINFRA.E2E_1201_PAYMENTINFO.PAYMENT_TYPE:db_column_type">INTEGER</entry>
   <entry key="SOAINFRA.E2E_1201_ADDRESSES.FIRST_NAME:db_column_size">50</entry>
   <entry key="SOAINFRA.E2E_1201_BILLINGINFO.CARDNUM:db_column_not_null">true</entry>
   <entry key="SOAINFRA.E2E_1201_ADDRESSES:db_table_type">TABLE</entry>
   <entry key="SOAINFRA.E2E_1201_PAYMENTINFO.PAYMENT_TYPE:db_column_not_null">false</entry>
   <entry key="SOAINFRA.E2E_1201_ADDRESSES.ADDRESS_ID:db_column_type">BIGINT</entry>
   <entry key="SOAINFRA.E2E_1201_ORDERS.SESSIONID:db_column_type">VARCHAR</entry>
   <entry key="SOAINFRA.E2E_1201_SHIPPINGINFO:db_table_type">TABLE</entry>
   <entry key="SOAINFRA.E2E_1201_ADDRESSES.ADDRESS_ID:db_column_not_null">true</entry>
   <entry key="SOAINFRA.E2E_1201_ORDERS.STATUS:db_column_not_null">true</entry>
   <entry key="SOAINFRA.E2E_1201_SHIPPINGINFO.SHIPPING_PROVIDER_ID:db_column_not_null">false</entry>
   <entry key="SOAINFRA.E2E_1201_ADDRESSES.PHONE:db_column_type">VARCHAR</entry>
   <entry key="SOAINFRA.E2E_1201_BILLINGINFO.CARDNUM:db_column_type">VARCHAR</entry>
   <entry key="SOAINFRA.E2E_1201_BILLINGINFO:db_column_7">AUTHORIZATIONDATE</entry>
   <entry key="SOAINFRA.E2E_1201_BILLINGINFO:db_column_6">ADDRESS_ID</entry>
   <entry key="SOAINFRA.E2E_1201_BILLINGINFO:db_column_5">CARDNAME</entry>
   <entry key="SOAINFRA.E2E_1201_BILLINGINFO:db_column_4">EXPIREDATE</entry>
   <entry key="SOAINFRA.E2E_1201_BILLINGINFO:db_column_3">CARDNUM</entry>
   <entry key="SOAINFRA.E2E_1201_BILLINGINFO:db_column_2">CARDPAYMENTTYPE</entry>
   <entry key="SOAINFRA.E2E_1201_PAYMENTINFO:db_column_7">CURRENT_LIMT</entry>
   <entry key="SOAINFRA.E2E_1201_BILLINGINFO:db_column_1">ORDER_ID</entry>
   <entry key="SOAINFRA.E2E_1201_PAYMENTINFO:db_column_6">DAILY_LIMIT</entry>
   <entry key="SOAINFRA.E2E_1201_BILLINGINFO:db_column_0">BILLING_ID</entry>
   <entry key="SOAINFRA.E2E_1201_PAYMENTINFO:db_column_5">CARD_NAME</entry>
   <entry key="SOAINFRA.E2E_1201_PAYMENTINFO:db_column_4">EXPIRE_DATE</entry>
   <entry key="SOAINFRA.E2E_1201_PAYMENTINFO:db_column_3">CARD_NUM</entry>
   <entry key="SOAINFRA.E2E_1201_PAYMENTINFO:db_column_2">PAYMENT_TYPE</entry>
   <entry key="SOAINFRA.E2E_1201_PAYMENTINFO:db_column_1">LAST_NAME</entry>
   <entry key="SOAINFRA.E2E_1201_PAYMENTINFO:db_column_0">FIRST_NAME</entry>
   <entry key="SOAINFRA.E2E_1201_ORDERS.STATUS:db_column_type">VARCHAR</entry>
   <entry key="SOAINFRA.E2E_1201_ADDRESSES.ADDRESS_LINE2:db_column_type">VARCHAR</entry>
   <entry key="SOAINFRA.E2E_1201_ADDRESSES.FIRST_NAME:db_column_not_null">false</entry>
   <entry key="SOAINFRA.E2E_1201_ADDRESSES.ADDRESS_LINE1:db_column_not_null">true</entry>
   <entry key="SOAINFRA.E2E_1201_ORDERS.SESSIONID:db_column_size">20</entry>
   <entry key="SOAINFRA.E2E_1201_ORDER_ITEMS:db_column_8">DESCRIPTION</entry>
   <entry key="SOAINFRA.E2E_1201_ORDER_ITEMS:db_column_7">CATEGORY_ID</entry>
   <entry key="SOAINFRA.E2E_1201_ORDER_ITEMS:db_column_6">MODEL</entry>
   <entry key="SOAINFRA.E2E_1201_ORDER_ITEMS:db_column_5">BRAND</entry>
   <entry key="SOAINFRA.E2E_1201_ORDER_ITEMS:db_column_4">UNITPRICE</entry>
   <entry key="SOAINFRA.E2E_1201_ORDER_ITEMS:db_column_3">QUANTITY</entry>
   <entry key="SOAINFRA.E2E_1201_ORDER_ITEMS:db_column_2">SKU</entry>
   <entry key="SOAINFRA.E2E_1201_ORDER_ITEMS:db_column_1">ORDER_ID</entry>
   <entry key="SOAINFRA.E2E_1201_ADDRESSES.PHONE:db_column_size">11</entry>
   <entry key="SOAINFRA.E2E_1201_ORDER_ITEMS:db_column_0">ITEM_ID</entry>
   <entry key="SOAINFRA.E2E_1201_ORDER_ITEMS:db_table_type">TABLE</entry>
   <entry key="SOAINFRA.E2E_1201_BILLINGINFO.CARDNUM:db_column_size">16</entry>
   <entry key="SOAINFRA.E2E_1201_BILLINGINFO.ORDER_ID:db_column_not_null">true</entry>
   <entry key="SOAINFRA.E2E_1201_SHIPPINGINFO.SHIPSPEED:db_column_type">VARCHAR</entry>
   <entry key="SOAINFRA.E2E_1201_BILLINGINFO:db_table_type">TABLE</entry>
   <entry key="SOAINFRA.E2E_1201_BILLINGINFO.AUTHORIZATIONDATE:db_column_not_null">false</entry>
   <entry key="SOAINFRA.E2E_1201_ORDER_ITEMS.CATEGORY_ID:db_column_not_null">true</entry>
   <entry key="SOAINFRA.E2E_1201_PAYMENTINFO.LAST_NAME:db_column_not_null">false</entry>
   <entry key="SOAINFRA.E2E_1201_ADDRESSES.LAST_NAME:db_column_type">VARCHAR</entry>
   <entry key="SOAINFRA.E2E_1201_PAYMENTINFO:db_table_type">TABLE</entry>
   <entry key="SOAINFRA.E2E_1201_ORDERS.STATUS:db_column_size">20</entry>
   <entry key="SOAINFRA.E2E_1201_ADDRESSES.ADDRESS_LINE2:db_column_size">180</entry>
   <entry key="SOAINFRA.E2E_1201_SHIPPINGINFO:db_column_5">SHIPSPEED</entry>
   <entry key="SOAINFRA.E2E_1201_ORDER_ITEMS.BRAND:db_column_type">VARCHAR</entry>
   <entry key="SOAINFRA.E2E_1201_SHIPPINGINFO:db_column_4">SHIPMETHOD</entry>
   <entry key="SOAINFRA.E2E_1201_SHIPPINGINFO:db_column_3">SHIPPING_PROVIDER_ID</entry>
   <entry key="SOAINFRA.E2E_1201_SHIPPINGINFO.SHIPPING_ID:db_column_type">BIGINT</entry>
   <entry key="SOAINFRA.E2E_1201_SHIPPINGINFO:db_column_2">ADDRESS_ID</entry>
   <entry key="SOAINFRA.E2E_1201_SHIPPINGINFO:db_column_1">ORDER_ID</entry>
   <entry key="SOAINFRA.E2E_1201_SHIPPINGINFO:db_column_0">SHIPPING_ID</entry>
   <entry key="SOAINFRA.E2E_1201_PAYMENTINFO.EXPIRE_DATE:db_column_not_null">false</entry>
   <entry key="SOAINFRA.E2E_1201_ORDER_ITEMS.DESCRIPTION:db_column_not_null">true</entry>
   <entry key="SOAINFRA.E2E_1201_PAYMENTINFO.CARD_NAME:db_column_type">VARCHAR</entry>
   <entry key="SOAINFRA.E2E_1201_ORDER_ITEMS.ITEM_ID:db_column_not_null">true</entry>
   <entry key="SOAINFRA.E2E_1201_ADDRESSES.CITY:db_column_type">VARCHAR</entry>
   <entry key="SOAINFRA.E2E_1201_ADDRESSES.CITY:db_column_not_null">true</entry>
   <entry key="SOAINFRA.E2E_1201_ORDER_ITEMS.DESCRIPTION:db_column_type">VARCHAR</entry>
   <entry key="SOAINFRA.E2E_1201_ADDRESSES.ADDRESS_LINE2:db_column_not_null">false</entry>
   <entry key="SOAINFRA.E2E_1201_PAYMENTINFO.LAST_NAME:db_column_type">VARCHAR</entry>
   <entry key="SOAINFRA.E2E_1201_ADDRESSES.ZIP_CODE:db_column_type">VARCHAR</entry>
   <entry key="SOAINFRA.E2E_1201_ORDERS.ORDER_NUMBER:db_column_type">BIGINT</entry>
   <entry key="SOAINFRA.E2E_1201_SHIPPINGINFO.SHIPSPEED:db_column_size">16</entry>
   <entry key="SOAINFRA.E2E_1201_ORDERS.TOTAL_AMOUNT:db_column_type">DOUBLE</entry>
   <entry key="SOAINFRA.E2E_1201_ADDRESSES.LAST_NAME:db_column_size">50</entry>
   <entry key="SOAINFRA.E2E_1201_ORDERS.EMAIL:db_column_not_null">true</entry>
   <entry key="SOAINFRA.E2E_1201_ORDER_ITEMS.BRAND:db_column_size">20</entry>
   <entry key="SOAINFRA.E2E_1201_BILLINGINFO.BILLING_ID:db_column_type">BIGINT</entry>
   <entry key="SOAINFRA.E2E_1201_PAYMENTINFO.CARD_NAME:db_column_size">50</entry>
   <entry key="SOAINFRA.E2E_1201_ADDRESSES.CITY:db_column_size">25</entry>
   <entry key="SOAINFRA.E2E_1201_ORDER_ITEMS.DESCRIPTION:db_column_size">50</entry>
   <entry key="SOAINFRA.E2E_1201_SHIPPINGINFO.SHIPMETHOD:db_column_not_null">false</entry>
   <entry key="SOAINFRA.E2E_1201_PAYMENTINFO.EXPIRE_DATE:db_column_type">VARCHAR</entry>
   <entry key="SOAINFRA.E2E_1201_BILLINGINFO.CARDNAME:db_column_type">VARCHAR</entry>
   <entry key="SOAINFRA.E2E_1201_SHIPPINGINFO.SHIPPING_ID:db_column_not_null">true</entry>
   <entry key="SOAINFRA.E2E_1201_ADDRESSES:db_column_8">PHONE</entry>
   <entry key="SOAINFRA.E2E_1201_ADDRESSES:db_column_7">ZIP_CODE</entry>
   <entry key="SOAINFRA.E2E_1201_ADDRESSES:db_column_6">STATE</entry>
   <entry key="SOAINFRA.E2E_1201_ADDRESSES:db_column_5">CITY</entry>
   <entry key="SOAINFRA.E2E_1201_PAYMENTINFO.LAST_NAME:db_column_size">30</entry>
   <entry key="SOAINFRA.E2E_1201_ADDRESSES:db_column_4">ADDRESS_LINE2</entry>
   <entry key="SOAINFRA.E2E_1201_ADDRESSES.LAST_NAME:db_column_not_null">true</entry>
   <entry key="SOAINFRA.E2E_1201_ADDRESSES:db_column_3">ADDRESS_LINE1</entry>
   <entry key="SOAINFRA.E2E_1201_ADDRESSES.ZIP_CODE:db_column_size">15</entry>
   <entry key="SOAINFRA.E2E_1201_ADDRESSES:db_column_2">LAST_NAME</entry>
   <entry key="SOAINFRA.E2E_1201_ADDRESSES:db_column_1">FIRST_NAME</entry>
   <entry key="SOAINFRA.E2E_1201_ADDRESSES:db_column_0">ADDRESS_ID</entry>
   <entry key="SOAINFRA.E2E_1201_ORDER_ITEMS.QUANTITY:db_column_not_null">true</entry>
   <entry key="SOAINFRA.E2E_1201_ORDERS.EMAIL:db_column_type">VARCHAR</entry>
   <entry key="SOAINFRA.E2E_1201_ORDER_ITEMS.MODEL:db_column_type">VARCHAR</entry>
   <entry key="SOAINFRA.E2E_1201_SHIPPINGINFO.SHIPMETHOD:db_column_type">INTEGER</entry>
   <entry key="SOAINFRA.E2E_1201_ADDRESSES.ZIP_CODE:db_column_not_null">true</entry>
   <entry key="SOAINFRA.E2E_1201_SHIPPINGINFO.ORDER_ID:db_column_not_null">true</entry>
   <entry key="SOAINFRA.E2E_1201_BILLINGINFO.EXPIREDATE:db_column_not_null">true</entry>
   <entry key="SOAINFRA.E2E_1201_PAYMENTINFO.CURRENT_LIMT:db_column_type">DOUBLE</entry>
   <entry key="root_descriptor_alias">SOAINFRA.E2E_1201_ORDERS</entry>
   <entry key="SOAINFRA.E2E_1201_PAYMENTINFO.EXPIRE_DATE:db_column_size">4</entry>
   <entry key="SOAINFRA.E2E_1201_BILLINGINFO.CARDNAME:db_column_size">50</entry>
   <entry key="SOAINFRA.E2E_1201_ORDER_ITEMS.SKU:db_column_type">VARCHAR</entry>
   <entry key="SOAINFRA.E2E_1201_PAYMENTINFO.FIRST_NAME:db_column_type">VARCHAR</entry>
   <entry key="SOAINFRA.E2E_1201_ORDER_ITEMS.UNITPRICE:db_column_type">DOUBLE</entry>
   <entry key="SOAINFRA.E2E_1201_ORDERS.EMAIL:db_column_size">50</entry>
   <entry key="SOAINFRA.E2E_1201_ORDER_ITEMS.MODEL:db_column_size">20</entry>
   <entry key="SOAINFRA.E2E_1201_PAYMENTINFO.CARD_NUM:db_column_not_null">true</entry>
   <entry key="SOAINFRA.E2E_1201_ORDER_ITEMS.BRAND:db_column_not_null">true</entry>
   <entry key="SOAINFRA.E2E_1201_BILLINGINFO.EXPIREDATE:db_column_type">VARCHAR</entry>
   <entry key="SOAINFRA.E2E_1201_ORDER_ITEMS.UNITPRICE:db_column_not_null">true</entry>
   <entry key="SOAINFRA.E2E_1201_PAYMENTINFO.FIRST_NAME:db_column_not_null">false</entry>
   <entry key="SOAINFRA.E2E_1201_SHIPPINGINFO.SHIPPING_PROVIDER_ID:db_column_type">BIGINT</entry>
   <entry key="SOAINFRA.E2E_1201_ORDER_ITEMS.ORDER_ID:db_column_not_null">true</entry>
   <entry key="SOAINFRA.E2E_1201_ORDER_ITEMS.SKU:db_column_size">20</entry>
   <entry key="SOAINFRA.E2E_1201_PAYMENTINFO.FIRST_NAME:db_column_size">30</entry>
   <entry key="SOAINFRA.E2E_1201_PAYMENTINFO.CARD_NUM:db_column_type">VARCHAR</entry>
   <entry key="SOAINFRA.E2E_1201_BILLINGINFO.AUTHORIZATIONDATE:db_column_type">DATE</entry>
   <entry key="SOAINFRA.E2E_1201_ADDRESSES.ADDRESS_LINE1:db_column_type">VARCHAR</entry>
   <entry key="SOAINFRA.E2E_1201_ADDRESSES.PHONE:db_column_not_null">true</entry>
   <entry key="SOAINFRA.E2E_1201_BILLINGINFO.CARDNAME:db_column_not_null">true</entry>
   <entry key="SOAINFRA.E2E_1201_PAYMENTINFO.CURRENT_LIMT:db_column_not_null">false</entry>
   <entry key="SOAINFRA.E2E_1201_BILLINGINFO.ORDER_ID:db_column_type">BIGINT</entry>
   <entry key="SOAINFRA.E2E_1201_ORDERS:db_table_type">TABLE</entry>
   <entry key="SOAINFRA.E2E_1201_ORDER_ITEMS.ITEM_ID:db_column_type">BIGINT</entry>
   <entry key="SOAINFRA.E2E_1201_SHIPPINGINFO.SHIPSPEED:db_column_not_null">false</entry>
   <entry key="SOAINFRA.E2E_1201_ADDRESSES.STATE:db_column_type">VARCHAR</entry>
   <entry key="SOAINFRA.E2E_1201_BILLINGINFO.CARDPAYMENTTYPE:db_column_type">INTEGER</entry>
   <entry key="SOAINFRA.E2E_1201_ORDERS.ORDER_DATE:db_column_not_null">true</entry>
   <entry key="SOAINFRA.E2E_1201_BILLINGINFO.EXPIREDATE:db_column_size">4</entry>
   <entry key="SOAINFRA.E2E_1201_PAYMENTINFO.DAILY_LIMIT:db_column_not_null">false</entry>
   <entry key="SOAINFRA.E2E_1201_SHIPPINGINFO.ORDER_ID:db_column_type">BIGINT</entry>
   <entry key="SOAINFRA.E2E_1201_PAYMENTINFO.DAILY_LIMIT:db_column_type">DOUBLE</entry>
   <entry key="SOAINFRA.E2E_1201_BILLINGINFO.BILLING_ID:db_column_not_null">true</entry>
   <entry key="SOAINFRA.E2E_1201_ORDER_ITEMS.ORDER_ID:db_column_type">BIGINT</entry>
   <entry key="SOAINFRA.E2E_1201_PAYMENTINFO.CARD_NUM:db_column_size">16</entry>
   <entry key="SOAINFRA.E2E_1201_SHIPPINGINFO.ADDRESS_ID:db_column_type">BIGINT</entry>
</properties>