<?xml version="1.0" encoding="UTF-8" ?>
<!-- Generated by Oracle SOA Modeler version 12.1.3.0.0 at [8/15/13 1:18 PM]. -->
<composite name="PackAndShipService"
           revision="1.0"
           label="2013-08-15_13-18-01_758"
           mode="active"
           state="on"
           xmlns="http://xmlns.oracle.com/sca/1.0"
           xmlns:xs="http://www.w3.org/2001/XMLSchema"
           xmlns:wsp="http://schemas.xmlsoap.org/ws/2004/09/policy"
           xmlns:orawsp="http://schemas.oracle.com/ws/2006/01/policy"
           xmlns:ui="http://xmlns.oracle.com/soa/designer/"
           xmlns:sca-ext="http://xmlns.oracle.com/sca/1.0-ext">
  <import namespace="http://xmlns.oracle.com/e2e-1201-composites/PackAndShipService/packingService"
          location="WSDLs/packingService.wsdl" importType="wsdl"/>
  <import namespace="http://xmlns.oracle.com/pcbpel/adapter/db/e2e-1201-composites/UpdateOrderStatusTemplate/updateOrderStatusInDB"
          location="WSDLs/updateOrderStatusInDB.wsdl" importType="wsdl"/>
  <import namespace="http://xmlns.oracle.com/pcbpel/adapter/ums/e2e-1201-composites/PackAndShipService/NotifyUser"
          location="WSDLs/NotifyUser.wsdl" importType="wsdl"/>
  <service name="packingService" ui:wsdlLocation="WSDLs/packingService.wsdl">
    <interface.wsdl interface="http://xmlns.oracle.com/e2e-1201-composites/PackAndShipService/packingService#wsdl.interface(packingService_ptt)"/>
    <binding.rest config="Adapters/packingService.wadl"/>
  </service>
  <property name="productVersion" type="xs:string" many="false">12.1.3.0.0</property>
  <property name="compositeID" type="xs:string" many="false">f9273243-bcdd-499d-882a-363c5729d2c2</property>
  <component name="packAndShipOrder" version="2.0">
    <implementation.bpel src="BPEL/packAndShipOrder.bpel"/>
    <componentType>
      <service name="packingService" ui:wsdlLocation="WSDLs/packingService.wsdl">
        <interface.wsdl interface="http://xmlns.oracle.com/e2e-1201-composites/PackAndShipService/packingService#wsdl.interface(packingService_ptt)"/>
      </service>
      <reference name="NotifyUser" ui:wsdlLocation="WSDLs/NotifyUser.wsdl">
        <interface.wsdl interface="http://xmlns.oracle.com/pcbpel/adapter/ums/e2e-1201-composites/PackAndShipService/NotifyUser#wsdl.interface(SendNotification_ptt)"/>
      </reference>
      <callReference name="updateOrderStatusSP"/>
    </componentType>
    <property name="bpel.config.transaction" type="xs:string" many="false">required</property>
  </component>
  <component name="updateOrderStatusSP">
    <implementation.sbpel src="BPEL/updateOrderStatusSP.sbpel"/>
    <componentType>
      <reference name="updateOrderStatusInDB" ui:wsdlLocation="WSDLs/updateOrderStatusInDB.wsdl">
        <interface.wsdl interface="http://xmlns.oracle.com/pcbpel/adapter/db/e2e-1201-composites/UpdateOrderStatusTemplate/updateOrderStatusInDB#wsdl.interface(updateOrderStatusInDB_ptt)"/>
      </reference>
      <callService name="updateOrderStatusSP"/>
    </componentType>
  </component>
  <reference name="updateOrderStatusInDB" ui:wsdlLocation="WSDLs/updateOrderStatusInDB.wsdl">
    <interface.wsdl interface="http://xmlns.oracle.com/pcbpel/adapter/db/e2e-1201-composites/UpdateOrderStatusTemplate/updateOrderStatusInDB#wsdl.interface(updateOrderStatusInDB_ptt)"/>
    <binding.jca config="Adapters/updateOrderStatusInDB_db.jca"/>
    <property name="jca.retry.count" type="xs:int" many="false" override="may">4</property>
    <property name="jca.retry.interval" type="xs:int" many="false" override="may">1</property>
    <property name="jca.retry.backoff" type="xs:int" many="false" override="may">2</property>
    <property name="jca.retry.maxInterval" type="xs:string" many="false" override="may">120</property>
  </reference>
  <reference name="NotifyUser" ui:wsdlLocation="WSDLs/NotifyUser.wsdl">
    <interface.wsdl interface="http://xmlns.oracle.com/pcbpel/adapter/ums/e2e-1201-composites/PackAndShipService/NotifyUser#wsdl.interface(SendNotification_ptt)"/>
    <binding.jca config="Adapters/NotifyUser_ums.jca"/>
  </reference>
  <wire>
    <source.uri>packingService</source.uri>
    <target.uri>packAndShipOrder/packingService</target.uri>
  </wire>
  <wire>
    <source.uri>updateOrderStatusSP/updateOrderStatusInDB</source.uri>
    <target.uri>updateOrderStatusInDB</target.uri>
  </wire>
  <wire>
    <source.uri>packAndShipOrder/NotifyUser</source.uri>
    <target.uri>NotifyUser</target.uri>
  </wire>
  <callWire>
    <sca-ext:source>packAndShipOrder/updateOrderStatusSP</sca-ext:source>
    <sca-ext:target>updateOrderStatusSP/updateOrderStatusSP</sca-ext:target>
  </callWire>
</composite>
