<Shipping xmlns="http://www.oracle.com/soasample">
   <OrderNumber>string67</OrderNumber>
   <Address>
      <FirstName>string69</FirstName>
      <LastName>string71</LastName>
      <AddressLine>string73</AddressLine>
      <City>string75</City>
      <State>string77</State>
      <ZipCode>string79</ZipCode>
      <PhoneNumber>string82</PhoneNumber>
   </Address>
   <ShippingSpeed>Standard</ShippingSpeed>
   <ShippingProvider>
      <Name>string85</Name>
   </ShippingProvider>
   <ShipMethod>87</ShipMethod>
   <Status>Status88</Status>
</Shipping>