<?xml version="1.0" encoding="UTF-8"?>
<dgm:gDiagram xmlns:dgm="http://xmlns.oracle.com/sca/soadgm">
    <dgm:gService name="ProcessPS">
        <dgm:body borderWidth="2" arcRad="20" X="21" Y="114" width="137" height="54">
            <dgm:borderColor r="153" g="153" b="153"/>
            <dgm:bgColor r="255" g="255" b="255"/>
        </dgm:body>
        <dgm:shadow arcRad="20" X="11" Y="107" width="156" height="68">
            <dgm:bgColor r="196" g="228" b="240"/>
        </dgm:shadow>
        <dgm:outputPort name="ProcessPS" X="127" Y="0" diameter="20" imageURI="oracle/tip/tools/ide/fabric/resource/image/visuals_rd1/servicereference.png" interface="SB Interface" callbackInterface="SB Interface"/>
        <dgm:nodeIcon URI="/oracle/sb/tooling/ide/sca/internal/icons/icon_transport_http_20x20.png" X="7" Y="4" width="20" height="20"/>
        <dgm:operations/>
    </dgm:gService>
    <dgm:gService name="ProcessPS_File">
        <dgm:body borderWidth="2" arcRad="20" X="21" Y="26" width="137" height="54">
            <dgm:borderColor r="153" g="153" b="153"/>
            <dgm:bgColor r="255" g="255" b="255"/>
        </dgm:body>
        <dgm:shadow arcRad="20" X="11" Y="19" width="156" height="68">
            <dgm:bgColor r="196" g="228" b="240"/>
        </dgm:shadow>
        <dgm:outputPort name="ProcessPS_File" X="127" Y="0" diameter="20" imageURI="oracle/tip/tools/ide/fabric/resource/image/visuals_rd1/servicereference.png" interface="SB Interface" callbackInterface="SB Interface"/>
        <dgm:nodeIcon URI="/oracle/tip/tools/ide/adapters/designtime/adapter/images/file_adapter_20x20.png" X="7" Y="4" width="20" height="20"/>
        <dgm:operations/>
    </dgm:gService>
    <dgm:gReference name="ProcessBS">
        <dgm:body borderWidth="2" arcRad="20" X="666" Y="81" width="136" height="54">
            <dgm:borderColor r="153" g="153" b="153"/>
            <dgm:bgColor r="255" g="255" b="255"/>
        </dgm:body>
        <dgm:shadow arcRad="20" X="656" Y="74" width="156" height="68">
            <dgm:bgColor r="196" g="228" b="240"/>
        </dgm:shadow>
        <dgm:inputPort name="ProcessBS" X="-10" Y="0" diameter="20" imageURI="oracle/tip/tools/ide/fabric/resource/image/visuals_rd1/servicereference.png" interface="SB Interface" callbackInterface="SB Interface"/>
        <dgm:nodeIcon URI="/oracle/sb/tooling/ide/sca/internal/icons/icon_transport_http_20x20.png" X="14" Y="4" width="20" height="20"/>
        <dgm:operations/>
    </dgm:gReference>
    <dgm:gComponent name="ProcessPP">
        <dgm:body borderWidth="2" arcRad="20" X="347" Y="66" width="130" height="61">
            <dgm:borderColor r="109" g="136" b="65"/>
            <dgm:lightBgColor r="201" g="224" b="155"/>
            <dgm:darkBgColor r="157" g="195" b="93"/>
        </dgm:body>
        <dgm:shadow arcRad="20" X="337" Y="59" width="150" height="77">
            <dgm:bgColor r="196" g="228" b="240"/>
        </dgm:shadow>
        <dgm:inputPort name="__service__" X="-10" Y="15" diameter="20" imageURI="oracle/tip/tools/ide/fabric/resource/image/visuals_rd1/servicereference.png" interface="SB Interface" callbackInterface="SB Interface"/>
        <dgm:outputPort name="businessservice.2000941262.ProcessBS" X="120" Y="15" diameter="20" imageURI="oracle/tip/tools/ide/fabric/resource/image/visuals_rd1/servicereference.png" interface="SB Interface" callbackInterface="SB Interface"/>
        <dgm:nodeIcon URI="/oracle/sb/tooling/ide/sca/internal/icons/icon_pipeline_20x20.gif" X="10" Y="4" width="20" height="20"/>
    </dgm:gComponent>
    <dgm:gWireLink source="ProcessPS" target="ProcessPP/__service__" width="2">
        <dgm:gSegment X1="168" Y1="124" X2="192" Y2="124"/>
        <dgm:gSegment X1="192" Y1="124" X2="192" Y2="91"/>
        <dgm:gSegment X1="192" Y1="91" X2="337" Y2="91"/>
        <dgm:baseColor r="153" g="153" b="153"/>
        <dgm:selectedColor r="49" g="106" b="196"/>
    </dgm:gWireLink>
    <dgm:gWireLink source="ProcessPS_File" target="ProcessPP/__service__" width="2">
        <dgm:gSegment X1="168" Y1="36" X2="207" Y2="36"/>
        <dgm:gSegment X1="207" Y1="36" X2="207" Y2="91"/>
        <dgm:gSegment X1="207" Y1="91" X2="337" Y2="91"/>
        <dgm:baseColor r="153" g="153" b="153"/>
        <dgm:selectedColor r="49" g="106" b="196"/>
    </dgm:gWireLink>
    <dgm:gWireLink source="ProcessPP/businessservice.2000941262.ProcessBS" target="ProcessBS" width="2">
        <dgm:gSegment X1="487" Y1="91" X2="656" Y2="91"/>
        <dgm:baseColor r="153" g="153" b="153"/>
        <dgm:selectedColor r="49" g="106" b="196"/>
    </dgm:gWireLink>
</dgm:gDiagram>