<?xml version="1.0" encoding="UTF-8"?>
<object-persistence xmlns="http://www.eclipse.org/eclipselink/xsds/persistence" xmlns:xsd="http://www.w3.org/2001/XMLSchema" xmlns:eclipselink="http://www.eclipse.org/eclipselink/xsds/persistence" xmlns:xsi="http://www.w3.org/2001/XMLSchema-instance" version="Eclipse Persistence Services - 2.4.2.v20130514-5956486">
   <name>getPaymentInformation-OR</name>
   <class-mapping-descriptors>
      <class-mapping-descriptor xsi:type="object-relational-class-mapping-descriptor">
         <class>getPaymentInformation.E2E1201_Paymentinfo</class>
         <alias>E2E_1201_PAYMENTINFO</alias>
         <primary-key>
            <field table="E2E_1201_PAYMENTINFO" name="CARD_NUM" xsi:type="column"/>
         </primary-key>
         <events/>
         <querying>
            <queries>
               <query name="getPaymentInformationSelect" xsi:type="read-all-query">
                  <criteria operator="equal" xsi:type="relation-expression">
                     <left name="cardNum" xsi:type="query-key-expression">
                        <base xsi:type="base-expression"/>
                     </left>
                     <right xsi:type="parameter-expression">
                        <parameter name="ccnb" xsi:type="column"/>
                     </right>
                  </criteria>
                  <arguments>
                     <argument name="ccnb">
                        <type>java.lang.String</type>
                     </argument>
                  </arguments>
                  <reference-class>getPaymentInformation.E2E1201_Paymentinfo</reference-class>
                  <container xsi:type="list-container-policy">
                     <collection-type>java.util.Vector</collection-type>
                  </container>
               </query>
            </queries>
         </querying>
         <attribute-mappings>
            <attribute-mapping xsi:type="direct-mapping">
               <attribute-name>firstName</attribute-name>
               <properties>
                  <property name="enabled">
                     <value>false</value>
                  </property>
               </properties>
               <field table="E2E_1201_PAYMENTINFO" name="FIRST_NAME" xsi:type="column"/>
               <attribute-classification>java.lang.String</attribute-classification>
            </attribute-mapping>
            <attribute-mapping xsi:type="direct-mapping">
               <attribute-name>lastName</attribute-name>
               <properties>
                  <property name="enabled">
                     <value>false</value>
                  </property>
               </properties>
               <field table="E2E_1201_PAYMENTINFO" name="LAST_NAME" xsi:type="column"/>
               <attribute-classification>java.lang.String</attribute-classification>
            </attribute-mapping>
            <attribute-mapping xsi:type="direct-mapping">
               <attribute-name>paymentType</attribute-name>
               <properties>
                  <property name="enabled">
                     <value>false</value>
                  </property>
               </properties>
               <field table="E2E_1201_PAYMENTINFO" name="PAYMENT_TYPE" xsi:type="column"/>
               <attribute-classification>java.math.BigInteger</attribute-classification>
            </attribute-mapping>
            <attribute-mapping xsi:type="direct-mapping">
               <attribute-name>cardNum</attribute-name>
               <field table="E2E_1201_PAYMENTINFO" name="CARD_NUM" xsi:type="column"/>
               <attribute-classification>java.lang.String</attribute-classification>
            </attribute-mapping>
            <attribute-mapping xsi:type="direct-mapping">
               <attribute-name>expireDate</attribute-name>
               <field table="E2E_1201_PAYMENTINFO" name="EXPIRE_DATE" xsi:type="column"/>
               <attribute-classification>java.lang.String</attribute-classification>
            </attribute-mapping>
            <attribute-mapping xsi:type="direct-mapping">
               <attribute-name>cardName</attribute-name>
               <properties>
                  <property name="enabled">
                     <value>false</value>
                  </property>
               </properties>
               <field table="E2E_1201_PAYMENTINFO" name="CARD_NAME" xsi:type="column"/>
               <attribute-classification>java.lang.String</attribute-classification>
            </attribute-mapping>
            <attribute-mapping xsi:type="direct-mapping">
               <attribute-name>dailyLimit</attribute-name>
               <field table="E2E_1201_PAYMENTINFO" name="DAILY_LIMIT" xsi:type="column"/>
               <attribute-classification>java.lang.Double</attribute-classification>
            </attribute-mapping>
            <attribute-mapping xsi:type="direct-mapping">
               <attribute-name>currentLimt</attribute-name>
               <field table="E2E_1201_PAYMENTINFO" name="CURRENT_LIMT" xsi:type="column"/>
               <attribute-classification>java.lang.Double</attribute-classification>
            </attribute-mapping>
         </attribute-mappings>
         <descriptor-type>independent</descriptor-type>
         <caching>
            <cache-type>weak-reference</cache-type>
            <cache-size>-1</cache-size>
            <always-refresh>true</always-refresh>
         </caching>
         <remote-caching>
            <cache-type>weak-reference</cache-type>
            <cache-size>-1</cache-size>
         </remote-caching>
         <instantiation/>
         <copying xsi:type="instantiation-copy-policy"/>
         <tables>
            <table name="E2E_1201_PAYMENTINFO"/>
         </tables>
         <structure>structureName</structure>
      </class-mapping-descriptor>
   </class-mapping-descriptors>
   <login xsi:type="database-login">
      <platform-class>org.eclipse.persistence.platform.database.oracle.Oracle9Platform</platform-class>
      <connection-url></connection-url>
   </login>
</object-persistence>
