<?xml version="1.0" encoding="UTF-8"?>
<object-persistence xmlns="http://www.eclipse.org/eclipselink/xsds/persistence" xmlns:xsd="http://www.w3.org/2001/XMLSchema" xmlns:eclipselink="http://www.eclipse.org/eclipselink/xsds/persistence" xmlns:xsi="http://www.w3.org/2001/XMLSchema-instance" version="Eclipse Persistence Services - 2.4.2.v20130305-e4b3f29">
   <name>updateOrderStatus-OR</name>
   <class-mapping-descriptors>
      <class-mapping-descriptor xsi:type="object-relational-class-mapping-descriptor">
         <class>updateOrderStatus.E2E1201_Orders</class>
         <alias>E2E_1201_ORDERS</alias>
         <primary-key>
            <field table="E2E_1201_ORDERS" name="ORDER_NUMBER" xsi:type="column"/>
         </primary-key>
         <events/>
         <querying>
            <queries>
               <query name="updateOrderStatusSelect" xsi:type="read-all-query">
                  <reference-class>updateOrderStatus.E2E1201_Orders</reference-class>
                  <container xsi:type="list-container-policy">
                     <collection-type>java.util.Vector</collection-type>
                  </container>
               </query>
            </queries>
         </querying>
         <attribute-mappings>
            <attribute-mapping xsi:type="direct-mapping">
               <attribute-name>orderNumber</attribute-name>
               <field table="E2E_1201_ORDERS" name="ORDER_NUMBER" xsi:type="column"/>
               <attribute-classification>java.math.BigInteger</attribute-classification>
            </attribute-mapping>
            <attribute-mapping xsi:type="direct-mapping">
               <attribute-name>sessionid</attribute-name>
               <properties>
                  <property name="enabled">
                     <value>false</value>
                  </property>
               </properties>
               <field table="E2E_1201_ORDERS" name="SESSIONID" xsi:type="column"/>
               <attribute-classification>java.lang.String</attribute-classification>
            </attribute-mapping>
            <attribute-mapping xsi:type="direct-mapping">
               <attribute-name>orderDate</attribute-name>
               <properties>
                  <property name="enabled">
                     <value>false</value>
                  </property>
               </properties>
               <field table="E2E_1201_ORDERS" name="ORDER_DATE" xsi:type="column"/>
               <attribute-classification>java.sql.Timestamp</attribute-classification>
            </attribute-mapping>
            <attribute-mapping xsi:type="direct-mapping">
               <attribute-name>totalAmount</attribute-name>
               <properties>
                  <property name="enabled">
                     <value>false</value>
                  </property>
               </properties>
               <field table="E2E_1201_ORDERS" name="TOTAL_AMOUNT" xsi:type="column"/>
               <attribute-classification>java.lang.Double</attribute-classification>
            </attribute-mapping>
            <attribute-mapping xsi:type="direct-mapping">
               <attribute-name>email</attribute-name>
               <properties>
                  <property name="enabled">
                     <value>false</value>
                  </property>
               </properties>
               <field table="E2E_1201_ORDERS" name="EMAIL" xsi:type="column"/>
               <attribute-classification>java.lang.String</attribute-classification>
            </attribute-mapping>
            <attribute-mapping xsi:type="direct-mapping">
               <attribute-name>status</attribute-name>
               <field table="E2E_1201_ORDERS" name="STATUS" xsi:type="column"/>
               <attribute-classification>java.lang.String</attribute-classification>
            </attribute-mapping>
         </attribute-mappings>
         <descriptor-type>independent</descriptor-type>
         <caching>
            <cache-type>weak-reference</cache-type>
            <cache-size>-1</cache-size>
            <always-refresh>true</always-refresh>
         </caching>
         <remote-caching>
            <cache-type>weak-reference</cache-type>
            <cache-size>-1</cache-size>
         </remote-caching>
         <instantiation/>
         <copying xsi:type="instantiation-copy-policy"/>
         <tables>
            <table name="E2E_1201_ORDERS"/>
         </tables>
         <structure>structureName</structure>
      </class-mapping-descriptor>
   </class-mapping-descriptors>
   <login xsi:type="database-login">
      <platform-class>org.eclipse.persistence.platform.database.oracle.Oracle10Platform</platform-class>
      <connection-url></connection-url>
   </login>
</object-persistence>
