<?xml version = '1.0' encoding = 'UTF-8'?>
<!DOCTYPE properties SYSTEM "http://java.sun.com/dtd/properties.dtd">
<properties>
   <entry key="E2E_1201_ORDERS.EMAIL:db_column_size">50</entry>
   <entry key="E2E_1201_ORDERS.ORDER_NUMBER:db_column_type">BIGINT</entry>
   <entry key="E2E_1201_ORDERS.ORDER_NUMBER:db_column_not_null">true</entry>
   <entry key="E2E_1201_ORDERS.ORDER_DATE:db_column_not_null">true</entry>
   <entry key="E2E_1201_ORDERS.ORDER_DATE:db_column_type">DATE</entry>
   <entry key="E2E_1201_ORDERS.STATUS:db_column_size">20</entry>
   <entry key="E2E_1201_ORDERS:db_table_type">TABLE</entry>
   <entry key="E2E_1201_ORDERS.STATUS:db_column_not_null">true</entry>
   <entry key="E2E_1201_ORDERS.SESSIONID:db_column_not_null">false</entry>
   <entry key="E2E_1201_ORDERS.SESSIONID:db_column_type">VARCHAR</entry>
   <entry key="E2E_1201_ORDERS:db_column_5">STATUS</entry>
   <entry key="E2E_1201_ORDERS:db_column_4">EMAIL</entry>
   <entry key="E2E_1201_ORDERS:db_column_3">TOTAL_AMOUNT</entry>
   <entry key="E2E_1201_ORDERS:db_column_2">ORDER_DATE</entry>
   <entry key="E2E_1201_ORDERS:db_column_1">SESSIONID</entry>
   <entry key="E2E_1201_ORDERS:db_column_0">ORDER_NUMBER</entry>
   <entry key="E2E_1201_ORDERS.EMAIL:db_column_type">VARCHAR</entry>
   <entry key="E2E_1201_ORDERS.TOTAL_AMOUNT:db_column_not_null">false</entry>
   <entry key="root_descriptor_alias">E2E_1201_ORDERS</entry>
   <entry key="E2E_1201_ORDERS.EMAIL:db_column_not_null">true</entry>
   <entry key="E2E_1201_ORDERS.STATUS:db_column_type">VARCHAR</entry>
   <entry key="E2E_1201_ORDERS.SESSIONID:db_column_size">20</entry>
   <entry key="E2E_1201_ORDERS.TOTAL_AMOUNT:db_column_type">DOUBLE</entry>
</properties>