<?xml version="1.0" encoding="UTF-8"?>
<dgm:gDiagram xmlns:dgm="http://xmlns.oracle.com/sca/soadgm">
    <dgm:gService name="packingService">
        <dgm:body borderWidth="2" arcRad="20" X="21" Y="99" width="137" height="84">
            <dgm:borderColor r="153" g="153" b="153"/>
            <dgm:bgColor r="255" g="255" b="255"/>
        </dgm:body>
        <dgm:shadow arcRad="20" X="11" Y="92" width="156" height="98">
            <dgm:bgColor r="196" g="228" b="240"/>
        </dgm:shadow>
        <dgm:outputPort name="packingService" X="127" Y="0" diameter="20" imageURI="oracle/tip/tools/ide/fabric/resource/image/visuals_rd1/servicereference.png" interface="http://xmlns.oracle.com/e2e-1201-composites/PackAndShipService/packingService#wsdl.interface(packingService_ptt)"/>
        <dgm:nodeIcon URI="/oracle/tip/tools/ide/adapters/designtime/adapter/images/RestAdapterService20x20px.png" X="20" Y="4" width="20" height="20"/>
        <dgm:sensorIcon URI="oracle/tip/tools/ide/fabric/resource/image/visuals_rd1/sensor.png" X="111" Y="8" width="12" height="12"/>
        <dgm:operations>
            <dgm:item>packAndShip</dgm:item>
        </dgm:operations>
    </dgm:gService>
    <dgm:gReference name="updateOrderStatusInDB">
        <dgm:body borderWidth="2" arcRad="20" X="757" Y="144" width="136" height="84">
            <dgm:borderColor r="153" g="153" b="153"/>
            <dgm:bgColor r="255" g="255" b="255"/>
        </dgm:body>
        <dgm:shadow arcRad="20" X="747" Y="137" width="156" height="98">
            <dgm:bgColor r="196" g="228" b="240"/>
        </dgm:shadow>
        <dgm:inputPort name="updateOrderStatusInDB" X="-10" Y="0" diameter="20" imageURI="oracle/tip/tools/ide/fabric/resource/image/visuals_rd1/servicereference.png" interface="http://xmlns.oracle.com/pcbpel/adapter/db/e2e-1201-composites/UpdateOrderStatusTemplate/updateOrderStatusInDB#wsdl.interface(updateOrderStatusInDB_ptt)"/>
        <dgm:nodeIcon URI="/oracle/tip/tools/ide/adapters/designtime/adapter/images/db_adapter_20x20.png" X="27" Y="4" width="20" height="20"/>
        <dgm:operations>
            <dgm:item>update</dgm:item>
        </dgm:operations>
    </dgm:gReference>
    <dgm:gReference name="NotifyUser">
        <dgm:body borderWidth="2" arcRad="20" X="757" Y="26" width="136" height="84">
            <dgm:borderColor r="153" g="153" b="153"/>
            <dgm:bgColor r="255" g="255" b="255"/>
        </dgm:body>
        <dgm:shadow arcRad="20" X="747" Y="19" width="156" height="98">
            <dgm:bgColor r="196" g="228" b="240"/>
        </dgm:shadow>
        <dgm:inputPort name="NotifyUser" X="-10" Y="0" diameter="20" imageURI="oracle/tip/tools/ide/fabric/resource/image/visuals_rd1/servicereference.png" interface="http://xmlns.oracle.com/pcbpel/adapter/ums/e2e-1201-composites/PackAndShipService/NotifyUser#wsdl.interface(SendNotification_ptt)"/>
        <dgm:nodeIcon URI="/oracle/tip/tools/ide/adapters/designtime/adapter/images/ums_adapter_20x20.png" X="27" Y="4" width="20" height="20"/>
        <dgm:operations>
            <dgm:item>SendNotification</dgm:item>
        </dgm:operations>
    </dgm:gReference>
    <dgm:gComponent name="packAndShipOrder">
        <dgm:body borderWidth="2" arcRad="20" X="271" Y="84" width="130" height="86">
            <dgm:borderColor r="69" g="113" b="140"/>
            <dgm:lightBgColor r="166" g="208" b="230"/>
            <dgm:darkBgColor r="99" g="162" b="201"/>
        </dgm:body>
        <dgm:shadow arcRad="20" X="261" Y="77" width="150" height="102">
            <dgm:bgColor r="196" g="228" b="240"/>
        </dgm:shadow>
        <dgm:inputPort name="packingService" X="-10" Y="15" diameter="20" imageURI="oracle/tip/tools/ide/fabric/resource/image/visuals_rd1/servicereference.png" interface="http://xmlns.oracle.com/e2e-1201-composites/PackAndShipService/packingService#wsdl.interface(packingService_ptt)"/>
        <dgm:outputPort name="NotifyUser" X="120" Y="15" diameter="20" imageURI="oracle/tip/tools/ide/fabric/resource/image/visuals_rd1/servicereference.png" interface="http://xmlns.oracle.com/pcbpel/adapter/ums/e2e-1201-composites/PackAndShipService/NotifyUser#wsdl.interface(SendNotification_ptt)"/>
        <dgm:outputPort name="updateOrderStatusSP" X="120" Y="40" diameter="20" imageURI="oracle/tip/tools/ide/fabric/resource/image/visuals_rd1/servicereference.png"/>
        <dgm:nodeIcon URI="/oracle/tip/tools/ide/bpel/shared/plugins/resources/images/soa/process_20x20.png" X="10" Y="4" width="20" height="20"/>
    </dgm:gComponent>
    <dgm:gComponent name="updateOrderStatusSP">
        <dgm:body borderWidth="2" arcRad="20" X="514" Y="129" width="130" height="61">
            <dgm:borderColor r="141" g="141" b="141"/>
            <dgm:lightBgColor r="255" g="255" b="255"/>
            <dgm:darkBgColor r="202" g="202" b="202"/>
        </dgm:body>
        <dgm:shadow arcRad="20" X="504" Y="122" width="150" height="77">
            <dgm:bgColor r="196" g="228" b="240"/>
        </dgm:shadow>
        <dgm:inputPort name="updateOrderStatusSP" X="-10" Y="15" diameter="20" imageURI="oracle/tip/tools/ide/fabric/resource/image/visuals_rd1/servicereference.png"/>
        <dgm:outputPort name="updateOrderStatusInDB" X="120" Y="15" diameter="20" imageURI="oracle/tip/tools/ide/fabric/resource/image/visuals_rd1/servicereference.png" interface="http://xmlns.oracle.com/pcbpel/adapter/db/e2e-1201-composites/UpdateOrderStatusTemplate/updateOrderStatusInDB#wsdl.interface(updateOrderStatusInDB_ptt)"/>
        <dgm:nodeIcon URI="/oracle/tip/tools/ide/bpel/v2/plugins/resources/images/application/scaconfig/subprocess_20x20.png" X="10" Y="4" width="20" height="20"/>
    </dgm:gComponent>
    <dgm:gWireLink source="packingService" target="packAndShipOrder/packingService" width="2">
        <dgm:gSegment X1="168" Y1="109" X2="261" Y2="109"/>
        <dgm:baseColor r="153" g="153" b="153"/>
        <dgm:selectedColor r="49" g="106" b="196"/>
    </dgm:gWireLink>
    <dgm:gWireLink source="updateOrderStatusSP/updateOrderStatusInDB" target="updateOrderStatusInDB" width="2">
        <dgm:gSegment X1="654" Y1="154" X2="747" Y2="154"/>
        <dgm:baseColor r="153" g="153" b="153"/>
        <dgm:selectedColor r="49" g="106" b="196"/>
    </dgm:gWireLink>
    <dgm:gWireLink source="packAndShipOrder/NotifyUser" target="NotifyUser" width="2">
        <dgm:gSegment X1="411" Y1="109" X2="435" Y2="109"/>
        <dgm:gSegment X1="435" Y1="109" X2="435" Y2="36"/>
        <dgm:gSegment X1="435" Y1="36" X2="747" Y2="36"/>
        <dgm:baseColor r="153" g="153" b="153"/>
        <dgm:selectedColor r="49" g="106" b="196"/>
    </dgm:gWireLink>
    <dgm:gWireLink source="packAndShipOrder/updateOrderStatusSP" target="updateOrderStatusSP/updateOrderStatusSP" width="2">
        <dgm:gSegment X1="411" Y1="134" X2="435" Y2="134"/>
        <dgm:gSegment X1="435" Y1="134" X2="435" Y2="154"/>
        <dgm:gSegment X1="435" Y1="154" X2="504" Y2="154"/>
        <dgm:baseColor r="183" g="183" b="183"/>
        <dgm:selectedColor r="49" g="106" b="196"/>
    </dgm:gWireLink>
</dgm:gDiagram>