<?xml version="1.0" encoding="UTF-8"?>
<object-persistence xmlns="http://www.eclipse.org/eclipselink/xsds/persistence" xmlns:xsd="http://www.w3.org/2001/XMLSchema" xmlns:eclipselink="http://www.eclipse.org/eclipselink/xsds/persistence" xmlns:xsi="http://www.w3.org/2001/XMLSchema-instance" version="Eclipse Persistence Services - 2.4.2.v20130305-e4b3f29">
   <name>writeOrderToDatabase-OR</name>
   <class-mapping-descriptors>
      <class-mapping-descriptor xsi:type="object-relational-class-mapping-descriptor">
         <class>writeOrderToDatabase.E2E1201_Addresses</class>
         <alias>SOAINFRA.E2E_1201_ADDRESSES</alias>
         <primary-key>
            <field table="E2E_1201_ADDRESSES" name="ADDRESS_ID" xsi:type="column"/>
         </primary-key>
         <events/>
         <querying/>
         <attribute-mappings>
            <attribute-mapping xsi:type="direct-mapping">
               <attribute-name>addressId</attribute-name>
               <field table="E2E_1201_ADDRESSES" name="ADDRESS_ID" xsi:type="column"/>
               <attribute-classification>java.math.BigInteger</attribute-classification>
            </attribute-mapping>
            <attribute-mapping xsi:type="direct-mapping">
               <attribute-name>firstName</attribute-name>
               <field table="E2E_1201_ADDRESSES" name="FIRST_NAME" xsi:type="column"/>
               <attribute-classification>java.lang.String</attribute-classification>
            </attribute-mapping>
            <attribute-mapping xsi:type="direct-mapping">
               <attribute-name>lastName</attribute-name>
               <field table="E2E_1201_ADDRESSES" name="LAST_NAME" xsi:type="column"/>
               <attribute-classification>java.lang.String</attribute-classification>
            </attribute-mapping>
            <attribute-mapping xsi:type="direct-mapping">
               <attribute-name>addressLine1</attribute-name>
               <field table="E2E_1201_ADDRESSES" name="ADDRESS_LINE1" xsi:type="column"/>
               <attribute-classification>java.lang.String</attribute-classification>
            </attribute-mapping>
            <attribute-mapping xsi:type="direct-mapping">
               <attribute-name>addressLine2</attribute-name>
               <field table="E2E_1201_ADDRESSES" name="ADDRESS_LINE2" xsi:type="column"/>
               <attribute-classification>java.lang.String</attribute-classification>
            </attribute-mapping>
            <attribute-mapping xsi:type="direct-mapping">
               <attribute-name>city</attribute-name>
               <field table="E2E_1201_ADDRESSES" name="CITY" xsi:type="column"/>
               <attribute-classification>java.lang.String</attribute-classification>
            </attribute-mapping>
            <attribute-mapping xsi:type="direct-mapping">
               <attribute-name>state</attribute-name>
               <field table="E2E_1201_ADDRESSES" name="STATE" xsi:type="column"/>
               <attribute-classification>java.lang.String</attribute-classification>
            </attribute-mapping>
            <attribute-mapping xsi:type="direct-mapping">
               <attribute-name>zipCode</attribute-name>
               <field table="E2E_1201_ADDRESSES" name="ZIP_CODE" xsi:type="column"/>
               <attribute-classification>java.lang.String</attribute-classification>
            </attribute-mapping>
            <attribute-mapping xsi:type="direct-mapping">
               <attribute-name>phone</attribute-name>
               <field table="E2E_1201_ADDRESSES" name="PHONE" xsi:type="column"/>
               <attribute-classification>java.lang.String</attribute-classification>
            </attribute-mapping>
         </attribute-mappings>
         <descriptor-type>independent</descriptor-type>
         <caching>
            <cache-type>weak-reference</cache-type>
            <cache-size>-1</cache-size>
            <always-refresh>true</always-refresh>
         </caching>
         <remote-caching>
            <cache-type>weak-reference</cache-type>
            <cache-size>-1</cache-size>
         </remote-caching>
         <instantiation/>
         <copying xsi:type="instantiation-copy-policy"/>
         <tables>
            <table name="SOAINFRA.E2E_1201_ADDRESSES"/>
         </tables>
         <structure>structureName</structure>
      </class-mapping-descriptor>
      <class-mapping-descriptor xsi:type="object-relational-class-mapping-descriptor">
         <class>writeOrderToDatabase.E2E1201_Billinginfo</class>
         <alias>SOAINFRA.E2E_1201_BILLINGINFO</alias>
         <primary-key>
            <field table="E2E_1201_BILLINGINFO" name="BILLING_ID" xsi:type="column"/>
         </primary-key>
         <events/>
         <querying/>
         <attribute-mappings>
            <attribute-mapping xsi:type="direct-mapping">
               <attribute-name>billingId</attribute-name>
               <field table="E2E_1201_BILLINGINFO" name="BILLING_ID" xsi:type="column"/>
               <attribute-classification>java.math.BigInteger</attribute-classification>
            </attribute-mapping>
            <attribute-mapping xsi:type="direct-mapping">
               <attribute-name>orderId</attribute-name>
               <read-only>true</read-only>
               <properties>
                  <property name="fkPlaceholder">
                     <value>true</value>
                  </property>
               </properties>
               <field table="E2E_1201_BILLINGINFO" name="ORDER_ID" xsi:type="column"/>
               <attribute-classification>java.math.BigInteger</attribute-classification>
            </attribute-mapping>
            <attribute-mapping xsi:type="direct-mapping">
               <attribute-name>cardpaymenttype</attribute-name>
               <field table="E2E_1201_BILLINGINFO" name="CARDPAYMENTTYPE" xsi:type="column"/>
               <attribute-classification>java.math.BigInteger</attribute-classification>
            </attribute-mapping>
            <attribute-mapping xsi:type="direct-mapping">
               <attribute-name>cardnum</attribute-name>
               <field table="E2E_1201_BILLINGINFO" name="CARDNUM" xsi:type="column"/>
               <attribute-classification>java.lang.String</attribute-classification>
            </attribute-mapping>
            <attribute-mapping xsi:type="direct-mapping">
               <attribute-name>expiredate</attribute-name>
               <field table="E2E_1201_BILLINGINFO" name="EXPIREDATE" xsi:type="column"/>
               <attribute-classification>java.lang.String</attribute-classification>
            </attribute-mapping>
            <attribute-mapping xsi:type="direct-mapping">
               <attribute-name>cardname</attribute-name>
               <field table="E2E_1201_BILLINGINFO" name="CARDNAME" xsi:type="column"/>
               <attribute-classification>java.lang.String</attribute-classification>
            </attribute-mapping>
            <attribute-mapping xsi:type="direct-mapping">
               <attribute-name>addressId</attribute-name>
               <read-only>true</read-only>
               <properties>
                  <property name="fkPlaceholder">
                     <value>true</value>
                  </property>
               </properties>
               <field table="E2E_1201_BILLINGINFO" name="ADDRESS_ID" xsi:type="column"/>
               <attribute-classification>java.math.BigInteger</attribute-classification>
            </attribute-mapping>
            <attribute-mapping xsi:type="direct-mapping">
               <attribute-name>authorizationdate</attribute-name>
               <field table="E2E_1201_BILLINGINFO" name="AUTHORIZATIONDATE" xsi:type="column"/>
               <attribute-classification>java.sql.Timestamp</attribute-classification>
            </attribute-mapping>
            <attribute-mapping xsi:type="one-to-one-mapping">
               <attribute-name>addressId</attribute-name>
               <reference-class>writeOrderToDatabase.E2E1201_Addresses</reference-class>
               <private-owned>true</private-owned>
               <foreign-key>
                  <field-reference>
                     <source-field table="E2E_1201_BILLINGINFO" name="ADDRESS_ID" xsi:type="column"/>
                     <target-field table="E2E_1201_ADDRESSES" name="ADDRESS_ID" xsi:type="column"/>
                  </field-reference>
               </foreign-key>
               <foreign-key-fields>
                  <field table="E2E_1201_BILLINGINFO" name="ADDRESS_ID" xsi:type="column"/>
               </foreign-key-fields>
               <batch-reading>true</batch-reading>
               <indirection xsi:type="value-holder-indirection-policy"/>
               <selection-query xsi:type="read-object-query">
                  <reference-class>writeOrderToDatabase.E2E1201_Addresses</reference-class>
               </selection-query>
            </attribute-mapping>
            <attribute-mapping xsi:type="one-to-one-mapping">
               <attribute-name>orderId</attribute-name>
               <reference-class>writeOrderToDatabase.E2E1201_Orders</reference-class>
               <private-owned>true</private-owned>
               <foreign-key>
                  <field-reference>
                     <source-field table="E2E_1201_BILLINGINFO" name="ORDER_ID" xsi:type="column"/>
                     <target-field table="E2E_1201_ORDERS" name="ORDER_NUMBER" xsi:type="column"/>
                  </field-reference>
               </foreign-key>
               <foreign-key-fields>
                  <field table="E2E_1201_BILLINGINFO" name="ORDER_ID" xsi:type="column"/>
               </foreign-key-fields>
               <batch-reading>true</batch-reading>
               <indirection xsi:type="value-holder-indirection-policy"/>
               <selection-query xsi:type="read-object-query">
                  <reference-class>writeOrderToDatabase.E2E1201_Orders</reference-class>
               </selection-query>
            </attribute-mapping>
         </attribute-mappings>
         <descriptor-type>independent</descriptor-type>
         <caching>
            <cache-type>weak-reference</cache-type>
            <cache-size>-1</cache-size>
            <always-refresh>true</always-refresh>
         </caching>
         <remote-caching>
            <cache-type>weak-reference</cache-type>
            <cache-size>-1</cache-size>
         </remote-caching>
         <instantiation/>
         <copying xsi:type="instantiation-copy-policy"/>
         <tables>
            <table name="SOAINFRA.E2E_1201_BILLINGINFO"/>
         </tables>
         <structure>structureName</structure>
      </class-mapping-descriptor>
      <class-mapping-descriptor xsi:type="object-relational-class-mapping-descriptor">
         <class>writeOrderToDatabase.E2E1201_Orders</class>
         <alias>SOAINFRA.E2E_1201_ORDERS</alias>
         <primary-key>
            <field table="E2E_1201_ORDERS" name="ORDER_NUMBER" xsi:type="column"/>
         </primary-key>
         <events/>
         <querying>
            <queries>
               <query name="writeOrderToDatabaseSelect" xsi:type="read-all-query">
                  <reference-class>writeOrderToDatabase.E2E1201_Orders</reference-class>
                  <container xsi:type="list-container-policy">
                     <collection-type>java.util.Vector</collection-type>
                  </container>
               </query>
            </queries>
         </querying>
         <attribute-mappings>
            <attribute-mapping xsi:type="direct-mapping">
               <attribute-name>orderNumber</attribute-name>
               <field table="E2E_1201_ORDERS" name="ORDER_NUMBER" xsi:type="column"/>
               <attribute-classification>java.math.BigInteger</attribute-classification>
            </attribute-mapping>
            <attribute-mapping xsi:type="direct-mapping">
               <attribute-name>sessionid</attribute-name>
               <field table="E2E_1201_ORDERS" name="SESSIONID" xsi:type="column"/>
               <attribute-classification>java.lang.String</attribute-classification>
            </attribute-mapping>
            <attribute-mapping xsi:type="direct-mapping">
               <attribute-name>orderDate</attribute-name>
               <field table="E2E_1201_ORDERS" name="ORDER_DATE" xsi:type="column"/>
               <attribute-classification>java.sql.Timestamp</attribute-classification>
            </attribute-mapping>
            <attribute-mapping xsi:type="direct-mapping">
               <attribute-name>totalAmount</attribute-name>
               <field table="E2E_1201_ORDERS" name="TOTAL_AMOUNT" xsi:type="column"/>
               <attribute-classification>java.lang.Double</attribute-classification>
            </attribute-mapping>
            <attribute-mapping xsi:type="direct-mapping">
               <attribute-name>email</attribute-name>
               <field table="E2E_1201_ORDERS" name="EMAIL" xsi:type="column"/>
               <attribute-classification>java.lang.String</attribute-classification>
            </attribute-mapping>
            <attribute-mapping xsi:type="direct-mapping">
               <attribute-name>status</attribute-name>
               <field table="E2E_1201_ORDERS" name="STATUS" xsi:type="column"/>
               <attribute-classification>java.lang.String</attribute-classification>
            </attribute-mapping>
            <attribute-mapping xsi:type="one-to-many-mapping">
               <attribute-name>e2E1201_BillinginfoCollection</attribute-name>
               <reference-class>writeOrderToDatabase.E2E1201_Billinginfo</reference-class>
               <private-owned>true</private-owned>
               <target-foreign-key>
                  <field-reference>
                     <source-field table="E2E_1201_BILLINGINFO" name="ORDER_ID" xsi:type="column"/>
                     <target-field table="E2E_1201_ORDERS" name="ORDER_NUMBER" xsi:type="column"/>
                  </field-reference>
               </target-foreign-key>
               <batch-reading>true</batch-reading>
               <container xsi:type="list-container-policy">
                  <collection-type>org.eclipse.persistence.indirection.IndirectList</collection-type>
               </container>
               <indirection xsi:type="value-holder-indirection-policy"/>
               <selection-query xsi:type="read-all-query">
                  <reference-class>writeOrderToDatabase.E2E1201_Billinginfo</reference-class>
                  <container xsi:type="list-container-policy">
                     <collection-type>org.eclipse.persistence.indirection.IndirectList</collection-type>
                  </container>
               </selection-query>
            </attribute-mapping>
            <attribute-mapping xsi:type="one-to-many-mapping">
               <attribute-name>e2E1201_OrderItemsCollection</attribute-name>
               <reference-class>writeOrderToDatabase.E2E1201_OrderItems</reference-class>
               <private-owned>true</private-owned>
               <target-foreign-key>
                  <field-reference>
                     <source-field table="E2E_1201_ORDER_ITEMS" name="ORDER_ID" xsi:type="column"/>
                     <target-field table="E2E_1201_ORDERS" name="ORDER_NUMBER" xsi:type="column"/>
                  </field-reference>
               </target-foreign-key>
               <batch-reading>true</batch-reading>
               <container xsi:type="list-container-policy">
                  <collection-type>org.eclipse.persistence.indirection.IndirectList</collection-type>
               </container>
               <indirection xsi:type="value-holder-indirection-policy"/>
               <selection-query xsi:type="read-all-query">
                  <reference-class>writeOrderToDatabase.E2E1201_OrderItems</reference-class>
                  <container xsi:type="list-container-policy">
                     <collection-type>org.eclipse.persistence.indirection.IndirectList</collection-type>
                  </container>
               </selection-query>
            </attribute-mapping>
            <attribute-mapping xsi:type="one-to-many-mapping">
               <attribute-name>e2E1201_ShippinginfoCollection</attribute-name>
               <reference-class>writeOrderToDatabase.E2E1201_Shippinginfo</reference-class>
               <private-owned>true</private-owned>
               <target-foreign-key>
                  <field-reference>
                     <source-field table="E2E_1201_SHIPPINGINFO" name="ORDER_ID" xsi:type="column"/>
                     <target-field table="E2E_1201_ORDERS" name="ORDER_NUMBER" xsi:type="column"/>
                  </field-reference>
               </target-foreign-key>
               <batch-reading>true</batch-reading>
               <container xsi:type="list-container-policy">
                  <collection-type>org.eclipse.persistence.indirection.IndirectList</collection-type>
               </container>
               <indirection xsi:type="value-holder-indirection-policy"/>
               <selection-query xsi:type="read-all-query">
                  <reference-class>writeOrderToDatabase.E2E1201_Shippinginfo</reference-class>
                  <container xsi:type="list-container-policy">
                     <collection-type>org.eclipse.persistence.indirection.IndirectList</collection-type>
                  </container>
               </selection-query>
            </attribute-mapping>
         </attribute-mappings>
         <descriptor-type>independent</descriptor-type>
         <caching>
            <cache-type>weak-reference</cache-type>
            <cache-size>-1</cache-size>
            <always-refresh>true</always-refresh>
         </caching>
         <remote-caching>
            <cache-type>weak-reference</cache-type>
            <cache-size>-1</cache-size>
         </remote-caching>
         <instantiation/>
         <copying xsi:type="instantiation-copy-policy"/>
         <tables>
            <table name="SOAINFRA.E2E_1201_ORDERS"/>
         </tables>
         <structure>structureName</structure>
      </class-mapping-descriptor>
      <class-mapping-descriptor xsi:type="object-relational-class-mapping-descriptor">
         <class>writeOrderToDatabase.E2E1201_OrderItems</class>
         <alias>SOAINFRA.E2E_1201_ORDER_ITEMS</alias>
         <primary-key>
            <field table="E2E_1201_ORDER_ITEMS" name="ITEM_ID" xsi:type="column"/>
            <field table="E2E_1201_ORDER_ITEMS" name="ORDER_ID" xsi:type="column"/>
         </primary-key>
         <events/>
         <querying/>
         <attribute-mappings>
            <attribute-mapping xsi:type="direct-mapping">
               <attribute-name>itemId</attribute-name>
               <field table="E2E_1201_ORDER_ITEMS" name="ITEM_ID" xsi:type="column"/>
               <attribute-classification>java.math.BigInteger</attribute-classification>
            </attribute-mapping>
            <attribute-mapping xsi:type="direct-mapping">
               <attribute-name>orderId</attribute-name>
               <read-only>true</read-only>
               <properties>
                  <property name="fkPlaceholder">
                     <value>true</value>
                  </property>
               </properties>
               <field table="E2E_1201_ORDER_ITEMS" name="ORDER_ID" xsi:type="column"/>
               <attribute-classification>java.math.BigInteger</attribute-classification>
            </attribute-mapping>
            <attribute-mapping xsi:type="direct-mapping">
               <attribute-name>sku</attribute-name>
               <field table="E2E_1201_ORDER_ITEMS" name="SKU" xsi:type="column"/>
               <attribute-classification>java.lang.String</attribute-classification>
            </attribute-mapping>
            <attribute-mapping xsi:type="direct-mapping">
               <attribute-name>quantity</attribute-name>
               <field table="E2E_1201_ORDER_ITEMS" name="QUANTITY" xsi:type="column"/>
               <attribute-classification>java.math.BigInteger</attribute-classification>
            </attribute-mapping>
            <attribute-mapping xsi:type="direct-mapping">
               <attribute-name>unitprice</attribute-name>
               <field table="E2E_1201_ORDER_ITEMS" name="UNITPRICE" xsi:type="column"/>
               <attribute-classification>java.lang.Double</attribute-classification>
            </attribute-mapping>
            <attribute-mapping xsi:type="direct-mapping">
               <attribute-name>brand</attribute-name>
               <field table="E2E_1201_ORDER_ITEMS" name="BRAND" xsi:type="column"/>
               <attribute-classification>java.lang.String</attribute-classification>
            </attribute-mapping>
            <attribute-mapping xsi:type="direct-mapping">
               <attribute-name>model</attribute-name>
               <field table="E2E_1201_ORDER_ITEMS" name="MODEL" xsi:type="column"/>
               <attribute-classification>java.lang.String</attribute-classification>
            </attribute-mapping>
            <attribute-mapping xsi:type="direct-mapping">
               <attribute-name>categoryId</attribute-name>
               <field table="E2E_1201_ORDER_ITEMS" name="CATEGORY_ID" xsi:type="column"/>
               <attribute-classification>java.math.BigInteger</attribute-classification>
            </attribute-mapping>
            <attribute-mapping xsi:type="direct-mapping">
               <attribute-name>description</attribute-name>
               <field table="E2E_1201_ORDER_ITEMS" name="DESCRIPTION" xsi:type="column"/>
               <attribute-classification>java.lang.String</attribute-classification>
            </attribute-mapping>
            <attribute-mapping xsi:type="one-to-one-mapping">
               <attribute-name>orderId</attribute-name>
               <reference-class>writeOrderToDatabase.E2E1201_Orders</reference-class>
               <private-owned>true</private-owned>
               <foreign-key>
                  <field-reference>
                     <source-field table="E2E_1201_ORDER_ITEMS" name="ORDER_ID" xsi:type="column"/>
                     <target-field table="E2E_1201_ORDERS" name="ORDER_NUMBER" xsi:type="column"/>
                  </field-reference>
               </foreign-key>
               <foreign-key-fields>
                  <field table="E2E_1201_ORDER_ITEMS" name="ORDER_ID" xsi:type="column"/>
               </foreign-key-fields>
               <batch-reading>true</batch-reading>
               <indirection xsi:type="value-holder-indirection-policy"/>
               <selection-query xsi:type="read-object-query">
                  <reference-class>writeOrderToDatabase.E2E1201_Orders</reference-class>
               </selection-query>
            </attribute-mapping>
         </attribute-mappings>
         <descriptor-type>independent</descriptor-type>
         <caching>
            <cache-type>weak-reference</cache-type>
            <cache-size>-1</cache-size>
            <always-refresh>true</always-refresh>
         </caching>
         <remote-caching>
            <cache-type>weak-reference</cache-type>
            <cache-size>-1</cache-size>
         </remote-caching>
         <instantiation/>
         <copying xsi:type="instantiation-copy-policy"/>
         <tables>
            <table name="SOAINFRA.E2E_1201_ORDER_ITEMS"/>
         </tables>
         <structure>structureName</structure>
      </class-mapping-descriptor>
      <class-mapping-descriptor xsi:type="object-relational-class-mapping-descriptor">
         <class>writeOrderToDatabase.E2E1201_Paymentinfo</class>
         <alias>SOAINFRA.E2E_1201_PAYMENTINFO</alias>
         <primary-key>
            <field table="E2E_1201_PAYMENTINFO" name="CARD_NUM" xsi:type="column"/>
         </primary-key>
         <events/>
         <querying/>
         <attribute-mappings>
            <attribute-mapping xsi:type="direct-mapping">
               <attribute-name>firstName</attribute-name>
               <field table="E2E_1201_PAYMENTINFO" name="FIRST_NAME" xsi:type="column"/>
               <attribute-classification>java.lang.String</attribute-classification>
            </attribute-mapping>
            <attribute-mapping xsi:type="direct-mapping">
               <attribute-name>lastName</attribute-name>
               <field table="E2E_1201_PAYMENTINFO" name="LAST_NAME" xsi:type="column"/>
               <attribute-classification>java.lang.String</attribute-classification>
            </attribute-mapping>
            <attribute-mapping xsi:type="direct-mapping">
               <attribute-name>paymentType</attribute-name>
               <field table="E2E_1201_PAYMENTINFO" name="PAYMENT_TYPE" xsi:type="column"/>
               <attribute-classification>java.math.BigInteger</attribute-classification>
            </attribute-mapping>
            <attribute-mapping xsi:type="direct-mapping">
               <attribute-name>cardNum</attribute-name>
               <field table="E2E_1201_PAYMENTINFO" name="CARD_NUM" xsi:type="column"/>
               <attribute-classification>java.lang.String</attribute-classification>
            </attribute-mapping>
            <attribute-mapping xsi:type="direct-mapping">
               <attribute-name>expireDate</attribute-name>
               <field table="E2E_1201_PAYMENTINFO" name="EXPIRE_DATE" xsi:type="column"/>
               <attribute-classification>java.lang.String</attribute-classification>
            </attribute-mapping>
            <attribute-mapping xsi:type="direct-mapping">
               <attribute-name>cardName</attribute-name>
               <field table="E2E_1201_PAYMENTINFO" name="CARD_NAME" xsi:type="column"/>
               <attribute-classification>java.lang.String</attribute-classification>
            </attribute-mapping>
            <attribute-mapping xsi:type="direct-mapping">
               <attribute-name>dailyLimit</attribute-name>
               <field table="E2E_1201_PAYMENTINFO" name="DAILY_LIMIT" xsi:type="column"/>
               <attribute-classification>java.lang.Double</attribute-classification>
            </attribute-mapping>
            <attribute-mapping xsi:type="direct-mapping">
               <attribute-name>currentLimt</attribute-name>
               <field table="E2E_1201_PAYMENTINFO" name="CURRENT_LIMT" xsi:type="column"/>
               <attribute-classification>java.lang.Double</attribute-classification>
            </attribute-mapping>
         </attribute-mappings>
         <descriptor-type>independent</descriptor-type>
         <caching>
            <cache-type>weak-reference</cache-type>
            <cache-size>-1</cache-size>
            <always-refresh>true</always-refresh>
         </caching>
         <remote-caching>
            <cache-type>weak-reference</cache-type>
            <cache-size>-1</cache-size>
         </remote-caching>
         <instantiation/>
         <copying xsi:type="instantiation-copy-policy"/>
         <tables>
            <table name="SOAINFRA.E2E_1201_PAYMENTINFO"/>
         </tables>
         <structure>structureName</structure>
      </class-mapping-descriptor>
      <class-mapping-descriptor xsi:type="object-relational-class-mapping-descriptor">
         <class>writeOrderToDatabase.E2E1201_Shippinginfo</class>
         <alias>SOAINFRA.E2E_1201_SHIPPINGINFO</alias>
         <primary-key>
            <field table="E2E_1201_SHIPPINGINFO" name="SHIPPING_ID" xsi:type="column"/>
         </primary-key>
         <events/>
         <querying/>
         <attribute-mappings>
            <attribute-mapping xsi:type="direct-mapping">
               <attribute-name>shippingId</attribute-name>
               <field table="E2E_1201_SHIPPINGINFO" name="SHIPPING_ID" xsi:type="column"/>
               <attribute-classification>java.math.BigInteger</attribute-classification>
            </attribute-mapping>
            <attribute-mapping xsi:type="direct-mapping">
               <attribute-name>orderId</attribute-name>
               <read-only>true</read-only>
               <properties>
                  <property name="fkPlaceholder">
                     <value>true</value>
                  </property>
               </properties>
               <field table="E2E_1201_SHIPPINGINFO" name="ORDER_ID" xsi:type="column"/>
               <attribute-classification>java.math.BigInteger</attribute-classification>
            </attribute-mapping>
            <attribute-mapping xsi:type="direct-mapping">
               <attribute-name>addressId</attribute-name>
               <read-only>true</read-only>
               <properties>
                  <property name="fkPlaceholder">
                     <value>true</value>
                  </property>
               </properties>
               <field table="E2E_1201_SHIPPINGINFO" name="ADDRESS_ID" xsi:type="column"/>
               <attribute-classification>java.math.BigInteger</attribute-classification>
            </attribute-mapping>
            <attribute-mapping xsi:type="direct-mapping">
               <attribute-name>shippingProviderId</attribute-name>
               <field table="E2E_1201_SHIPPINGINFO" name="SHIPPING_PROVIDER_ID" xsi:type="column"/>
               <attribute-classification>java.math.BigInteger</attribute-classification>
            </attribute-mapping>
            <attribute-mapping xsi:type="direct-mapping">
               <attribute-name>shipmethod</attribute-name>
               <field table="E2E_1201_SHIPPINGINFO" name="SHIPMETHOD" xsi:type="column"/>
               <attribute-classification>java.math.BigInteger</attribute-classification>
            </attribute-mapping>
            <attribute-mapping xsi:type="direct-mapping">
               <attribute-name>shipspeed</attribute-name>
               <field table="E2E_1201_SHIPPINGINFO" name="SHIPSPEED" xsi:type="column"/>
               <attribute-classification>java.lang.String</attribute-classification>
            </attribute-mapping>
            <attribute-mapping xsi:type="one-to-one-mapping">
               <attribute-name>addressId</attribute-name>
               <reference-class>writeOrderToDatabase.E2E1201_Addresses</reference-class>
               <private-owned>true</private-owned>
               <foreign-key>
                  <field-reference>
                     <source-field table="E2E_1201_SHIPPINGINFO" name="ADDRESS_ID" xsi:type="column"/>
                     <target-field table="E2E_1201_ADDRESSES" name="ADDRESS_ID" xsi:type="column"/>
                  </field-reference>
               </foreign-key>
               <foreign-key-fields>
                  <field table="E2E_1201_SHIPPINGINFO" name="ADDRESS_ID" xsi:type="column"/>
               </foreign-key-fields>
               <batch-reading>true</batch-reading>
               <indirection xsi:type="value-holder-indirection-policy"/>
               <selection-query xsi:type="read-object-query">
                  <reference-class>writeOrderToDatabase.E2E1201_Addresses</reference-class>
               </selection-query>
            </attribute-mapping>
            <attribute-mapping xsi:type="one-to-one-mapping">
               <attribute-name>orderId</attribute-name>
               <reference-class>writeOrderToDatabase.E2E1201_Orders</reference-class>
               <private-owned>true</private-owned>
               <foreign-key>
                  <field-reference>
                     <source-field table="E2E_1201_SHIPPINGINFO" name="ORDER_ID" xsi:type="column"/>
                     <target-field table="E2E_1201_ORDERS" name="ORDER_NUMBER" xsi:type="column"/>
                  </field-reference>
               </foreign-key>
               <foreign-key-fields>
                  <field table="E2E_1201_SHIPPINGINFO" name="ORDER_ID" xsi:type="column"/>
               </foreign-key-fields>
               <batch-reading>true</batch-reading>
               <indirection xsi:type="value-holder-indirection-policy"/>
               <selection-query xsi:type="read-object-query">
                  <reference-class>writeOrderToDatabase.E2E1201_Orders</reference-class>
               </selection-query>
            </attribute-mapping>
         </attribute-mappings>
         <descriptor-type>independent</descriptor-type>
         <caching>
            <cache-type>weak-reference</cache-type>
            <cache-size>-1</cache-size>
            <always-refresh>true</always-refresh>
         </caching>
         <remote-caching>
            <cache-type>weak-reference</cache-type>
            <cache-size>-1</cache-size>
         </remote-caching>
         <instantiation/>
         <copying xsi:type="instantiation-copy-policy"/>
         <tables>
            <table name="SOAINFRA.E2E_1201_SHIPPINGINFO"/>
         </tables>
         <structure>structureName</structure>
      </class-mapping-descriptor>
   </class-mapping-descriptors>
   <login xsi:type="database-login">
      <platform-class>org.eclipse.persistence.platform.database.oracle.Oracle10Platform</platform-class>
      <connection-url></connection-url>
   </login>
</object-persistence>
