<?xml version="1.0" encoding="UTF-8" ?>
<!-- Generated by Oracle SOA Modeler version 12.1.1.0.0 at [3/27/13 6:19 PM]. -->
<!--Generated by Oracle SOA Modeler version 12.1.1.0.0 at [4/3/13 4:30 PM].-->
<!--Generated by Oracle SOA Modeler version 12.1.3.0.0 at [7/12/13 5:05 PM].-->
<!--Generated by Oracle SOA Modeler version 12.1.3.0.0 at [8/9/13 2:03 PM].-->
<composite name="ProcessOrder"
           revision="1.0"
           label="2013-03-27_18-19-32_380"
           mode="active"
           state="on"
           xmlns="http://xmlns.oracle.com/sca/1.0"
           xmlns:xs="http://www.w3.org/2001/XMLSchema"
           xmlns:wsp="http://schemas.xmlsoap.org/ws/2004/09/policy"
           xmlns:orawsp="http://schemas.oracle.com/ws/2006/01/policy"
           xmlns:ui="http://xmlns.oracle.com/soa/designer/"
           xmlns:sca-ext="http://xmlns.oracle.com/sca/1.0-ext">
  <import namespace="http://www.oracle.com/ProcessOrder" location="WSDLs/ProcessOrderWrapper.wsdl" importType="wsdl"/>
  <import namespace="http://xmlns.oracle.com/e2e_1201_composites/ProcessOrderTemplate/validateAndProcessOrder"
          location="WSDLs/validateAndProcessOrder.wsdl" importType="wsdl"/>
  <import namespace="http://xmlns.oracle.com/pcbpel/adapter/db/e2e-1201-composites/ProcessOrderTemplate/writeOrderToDatabase"
          location="WSDLs/writeOrderToDatabase.wsdl" importType="wsdl"/>
  <import namespace="http://xmlns.oracle.com/pcbpel/adapter/db/e2e-1201-composites/ProcessOrder/updateOrderStatus"
          location="WSDLs/updateOrderStatus.wsdl" importType="wsdl"/>
  <import namespace="http://www.oracle.com/ValidatePayment" location="WSDLs/validatePaymentWrapper.wsdl"
          importType="wsdl"/>
  <import namespace="http://www.oracle.com/ValidatePayment"
          location="http://localhost:7101/sbresource?Proxy/ValidatePayment%2FValidatePS"
          importType="wsdl"/>
  <service name="receiveorder_client_ep" ui:wsdlLocation="WSDLs/ProcessOrderWrapper.wsdl">
    <interface.wsdl interface="http://www.oracle.com/ProcessOrder#wsdl.interface(processOrderPortType)"/>
    <binding.ws port="http://www.oracle.com/ProcessOrder#wsdl.endpoint(receiveorder_client_ep/processOrderPort)"/>
  </service>
  <property name="compositeID" type="xs:string" many="false">9d76495b-e724-4d6b-9cfd-353d38ab0766</property>
  <property name="productVersion" type="xs:string" many="false">12.1.3.0.0</property>
  <component name="receiveOrder" version="2.0">
    <implementation.bpel src="BPEL/receiveOrder.bpel"/>
    <componentType>
      <service name="receiveorder_client" ui:wsdlLocation="WSDLs/ProcessOrderWrapper.wsdl">
        <interface.wsdl interface="http://www.oracle.com/ProcessOrder#wsdl.interface(processOrderPortType)"/>
      </service>
      <reference name="validateAndProcessOrder.validateandprocessorder_client"
                 ui:wsdlLocation="WSDLs/validateAndProcessOrder.wsdl">
        <interface.wsdl interface="http://xmlns.oracle.com/e2e_1201_composites/ProcessOrderTemplate/validateAndProcessOrder#wsdl.interface(validateAndProcessOrder)"/>
      </reference>
    </componentType>
    <property name="bpel.config.transaction" type="xs:string" many="false">required</property>
  </component>
  <component name="validateAndProcessOrder" version="2.0">
    <implementation.bpel src="BPEL/validateAndProcessOrder.bpel"/>
    <componentType>
      <service name="validateandprocessorder_client" ui:wsdlLocation="WSDLs/validateAndProcessOrder.wsdl">
        <interface.wsdl interface="http://xmlns.oracle.com/e2e_1201_composites/ProcessOrderTemplate/validateAndProcessOrder#wsdl.interface(validateAndProcessOrder)"/>
      </service>
      <reference name="writeOrderToDatabase" ui:wsdlLocation="WSDLs/writeOrderToDatabase.wsdl">
        <interface.wsdl interface="http://xmlns.oracle.com/pcbpel/adapter/db/e2e-1201-composites/ProcessOrderTemplate/writeOrderToDatabase#wsdl.interface(writeOrderToDatabase_ptt)"/>
      </reference>
      <reference name="updateOrderStatus" ui:wsdlLocation="WSDLs/updateOrderStatus.wsdl">
        <interface.wsdl interface="http://xmlns.oracle.com/pcbpel/adapter/db/e2e-1201-composites/ProcessOrder/updateOrderStatus#wsdl.interface(updateOrderStatus_ptt)"/>
      </reference>
      <reference name="validatePayment" ui:wsdlLocation="WSDLs/validatePaymentWrapper.wsdl">
        <interface.wsdl interface="http://www.oracle.com/ValidatePayment#wsdl.interface(validatePaymentPortType)"/>
      </reference>
    </componentType>
    <property name="bpel.config.transaction" type="xs:string" many="false">required</property>
    <property name="bpel.config.oneWayDeliveryPolicy" type="xs:string" many="false">async.persist</property>
  </component>
  <reference name="writeOrderToDatabase" ui:wsdlLocation="WSDLs/writeOrderToDatabase.wsdl">
    <interface.wsdl interface="http://xmlns.oracle.com/pcbpel/adapter/db/e2e-1201-composites/ProcessOrderTemplate/writeOrderToDatabase#wsdl.interface(writeOrderToDatabase_ptt)"/>
    <binding.jca config="Adapters/writeOrderToDatabase_db.jca"/>
    <property name="jca.retry.count" type="xs:int" many="false" override="may">4</property>
    <property name="jca.retry.interval" type="xs:int" many="false" override="may">1</property>
    <property name="jca.retry.backoff" type="xs:int" many="false" override="may">2</property>
    <property name="jca.retry.maxInterval" type="xs:string" many="false" override="may">120</property>
  </reference>
  <reference name="updateOrderStatus" ui:wsdlLocation="WSDLs/updateOrderStatus.wsdl">
    <interface.wsdl interface="http://xmlns.oracle.com/pcbpel/adapter/db/e2e-1201-composites/ProcessOrder/updateOrderStatus#wsdl.interface(updateOrderStatus_ptt)"/>
    <binding.jca config="Adapters/updateOrderStatus_db.jca"/>
    <property name="jca.retry.count" type="xs:int" many="false" override="may">4</property>
    <property name="jca.retry.interval" type="xs:int" many="false" override="may">1</property>
    <property name="jca.retry.backoff" type="xs:int" many="false" override="may">2</property>
    <property name="jca.retry.maxInterval" type="xs:string" many="false" override="may">120</property>
  </reference>
  <reference name="validatePayment"
             ui:wsdlLocation="http://localhost:7101/sbresource?Proxy/ValidatePayment%2FValidatePS">
    <interface.wsdl interface="http://www.oracle.com/ValidatePayment#wsdl.interface(validatePaymentPortType)"/>
    <binding.ws port="http://www.oracle.com/ValidatePayment#wsdl.endpoint(validatePaymentBindingQSService/validatePaymentBindingQSPort)"
                location="http://localhost:7101/sbresource?Proxy/ValidatePayment%2FValidatePS"
                soapVersion="1.1">
      <property name="weblogic.wsee.wsat.transaction.flowOption" type="xs:string" many="false">WSDLDriven</property>
    </binding.ws>
  </reference>
  <wire>
    <source.uri>receiveorder_client_ep</source.uri>
    <target.uri>receiveOrder/receiveorder_client</target.uri>
  </wire>
  <wire>
    <source.uri>receiveOrder/validateAndProcessOrder.validateandprocessorder_client</source.uri>
    <target.uri>validateAndProcessOrder/validateandprocessorder_client</target.uri>
  </wire>
  <wire>
    <source.uri>validateAndProcessOrder/writeOrderToDatabase</source.uri>
    <target.uri>writeOrderToDatabase</target.uri>
  </wire>
  <wire>
    <source.uri>validateAndProcessOrder/updateOrderStatus</source.uri>
    <target.uri>updateOrderStatus</target.uri>
  </wire>
  <wire>
    <source.uri>validateAndProcessOrder/validatePayment</source.uri>
    <target.uri>validatePayment</target.uri>
  </wire>
</composite>
