<?xml version="1.0" encoding="UTF-8" ?>
<!-- Generated by Oracle SOA Modeler version 12.1.3.0.0 at [5/8/14 7:16 PM]. -->
<!--Generated by Oracle SOA Modeler version 12.1.3.0.0 at [5/9/14 1:02 PM].-->
<composite name="ValidatePayment"
           revision="1.0"
           label="2014-05-08_19-16-46_892"
           mode="active"
           state="on"
           xmlns="http://xmlns.oracle.com/sca/1.0"
           xmlns:xs="http://www.w3.org/2001/XMLSchema"
           xmlns:wsp="http://schemas.xmlsoap.org/ws/2004/09/policy"
           xmlns:orawsp="http://schemas.oracle.com/ws/2006/01/policy"
           xmlns:ui="http://xmlns.oracle.com/soa/designer/"
           xmlns:sca-ext="http://xmlns.oracle.com/sca/1.0-ext">
  <import namespace="http://xmlns.oracle.com/pcbpel/adapter/db/e2e-1201-composites/ValidatePayment/getPaymentInformation"
          location="WSDLs/getPaymentInformation.wsdl" importType="wsdl"/>
  <import namespace="http://www.oracle.com/ValidatePayment" location="WSDLs/ValidatePayment_concreteWrapper.wsdl"
          importType="wsdl"/>
  <service name="validatepaymentprocess_client_ep" ui:wsdlLocation="WSDLs/ValidatePayment_concreteWrapper.wsdl">
    <interface.wsdl interface="http://www.oracle.com/ValidatePayment#wsdl.interface(validatePaymentPortType)"/>
    <binding.ws port="http://www.oracle.com/ValidatePayment#wsdl.endpoint(validatepaymentprocess_client_ep_2/validatePaymentPort)"/>
  </service>
  <property name="compositeID" type="xs:string" many="false">5ac44112-65c5-4e13-9bd3-aba1690d34b5</property>
  <property name="productVersion" type="xs:string" many="false">12.1.3.0.0</property>
  <component name="validatePaymentProcess" version="2.0">
    <implementation.bpel src="BPEL/validatePaymentProcess.bpel"/>
    <componentType>
      <service name="validatepaymentprocess_client" ui:wsdlLocation="WSDLs/ValidatePayment_concreteWrapper.wsdl">
        <interface.wsdl interface="http://www.oracle.com/ValidatePayment#wsdl.interface(validatePaymentPortType)"/>
      </service>
      <reference name="getPaymentInformation" ui:wsdlLocation="WSDLs/getPaymentInformation.wsdl">
        <interface.wsdl interface="http://xmlns.oracle.com/pcbpel/adapter/db/e2e-1201-composites/ValidatePayment/getPaymentInformation#wsdl.interface(getPaymentInformation_ptt)"/>
      </reference>
    </componentType>
    <property name="bpel.config.transaction" type="xs:string" many="false">required</property>
  </component>
  <reference name="getPaymentInformation" ui:wsdlLocation="WSDLs/getPaymentInformation.wsdl">
    <interface.wsdl interface="http://xmlns.oracle.com/pcbpel/adapter/db/e2e-1201-composites/ValidatePayment/getPaymentInformation#wsdl.interface(getPaymentInformation_ptt)"/>
    <binding.jca config="Adapters/getPaymentInformation_db.jca"/>
    <property name="jca.retry.count" type="xs:int" many="false" override="may">4</property>
    <property name="jca.retry.interval" type="xs:int" many="false" override="may">1</property>
    <property name="jca.retry.backoff" type="xs:int" many="false" override="may">2</property>
    <property name="jca.retry.maxInterval" type="xs:int" many="false" override="may">120</property>
  </reference>
  <wire>
    <source.uri>validatepaymentprocess_client_ep</source.uri>
    <target.uri>validatePaymentProcess/validatepaymentprocess_client</target.uri>
  </wire>
  <wire>
    <source.uri>validatePaymentProcess/getPaymentInformation</source.uri>
    <target.uri>getPaymentInformation</target.uri>
  </wire>
</composite>
