<References xmlns="http://xmlns.oracle.com/adf/jndi">
  <Reference name="SOA" className="oracle.jdeveloper.db.adapter.DatabaseProvider" credentialStoreKey="SOA" xmlns="">
    <Factory className="oracle.jdevimpl.db.adapter.DatabaseProviderFactory1212"/>
    <RefAddresses>
      <StringRefAddr addrType="subtype">
        <Contents>Java DB</Contents>
      </StringRefAddr>
      <StringRefAddr addrType="user">
        <Contents>soainfra</Contents>
      </StringRefAddr>
      <StringRefAddr addrType="port">
        <Contents>1527</Contents>
      </StringRefAddr>
      <StringRefAddr addrType="hostname">
        <Contents>localhost</Contents>
      </StringRefAddr>
      <SecureRefAddr addrType="password"/>
      <StringRefAddr addrType="parameters">
        <Contents></Contents>
      </StringRefAddr>
      <StringRefAddr addrType="driver">
        <Contents>org.apache.derby.jdbc.ClientDriver</Contents>
      </StringRefAddr>
      <StringRefAddr addrType="dataSourceName">
        <Contents>soainfra</Contents>
      </StringRefAddr>
    </RefAddresses>
  </Reference>
</References>

