<?xml version = '1.0' encoding = 'UTF-8'?>
<!DOCTYPE properties SYSTEM "http://java.sun.com/dtd/properties.dtd">
<properties>
   <entry key="E2E_1201_SHIPPING_METHODS.PROVIDER_ID:db_column_type">BIGINT</entry>
   <entry key="E2E_1201_SHIPPING_PROVIDERS.PROVIDER_ID:db_column_not_null">true</entry>
   <entry key="E2E_1201_SHIPPING_METHODS.PROVIDER_ID:db_column_not_null">false</entry>
   <entry key="E2E_1201_SHIPPING_METHODS.METHODS_ID:db_column_not_null">true</entry>
   <entry key="E2E_1201_SHIPPING_PROVIDERS:db_table_type">TABLE</entry>
   <entry key="E2E_1201_SHIPPING_METHODS:db_table_type">TABLE</entry>
   <entry key="E2E_1201_SHIPPING_METHODS.NAME:db_column_not_null">false</entry>
   <entry key="E2E_1201_SHIPPING_PROVIDERS.PROVIDER_ID:db_column_type">BIGINT</entry>
   <entry key="E2E_1201_SHIPPING_METHODS.NAME:db_column_type">VARCHAR</entry>
   <entry key="return_single_result_set">false</entry>
   <entry key="E2E_1201_SHIPPING_PROVIDERS.NAME:db_column_type">VARCHAR</entry>
   <entry key="E2E_1201_SHIPPING_PROVIDERS.NAME:db_column_not_null">false</entry>
   <entry key="root_descriptor_alias">E2E_1201_SHIPPING_METHODS</entry>
   <entry key="E2E_1201_SHIPPING_METHODS:db_column_2">PROVIDER_ID</entry>
   <entry key="E2E_1201_SHIPPING_METHODS:db_column_1">NAME</entry>
   <entry key="E2E_1201_SHIPPING_METHODS:db_column_0">METHODS_ID</entry>
   <entry key="E2E_1201_SHIPPING_METHODS.METHODS_ID:db_column_type">BIGINT</entry>
   <entry key="E2E_1201_SHIPPING_METHODS.NAME:db_column_size">30</entry>
   <entry key="E2E_1201_SHIPPING_PROVIDERS:db_column_1">NAME</entry>
   <entry key="E2E_1201_SHIPPING_PROVIDERS.NAME:db_column_size">30</entry>
   <entry key="E2E_1201_SHIPPING_PROVIDERS:db_column_0">PROVIDER_ID</entry>
</properties>