<?xml version="1.0" encoding="UTF-8"?>
<object-persistence xmlns="http://www.eclipse.org/eclipselink/xsds/persistence" xmlns:xsd="http://www.w3.org/2001/XMLSchema" xmlns:eclipselink="http://www.eclipse.org/eclipselink/xsds/persistence" xmlns:xsi="http://www.w3.org/2001/XMLSchema-instance" version="Eclipse Persistence Services - 2.4.2.v20130514-5956486">
   <name>getShippingProvider-OR</name>
   <class-mapping-descriptors>
      <class-mapping-descriptor xsi:type="object-relational-class-mapping-descriptor">
         <class>getShippingProvider.E2E1201_ShippingMethods</class>
         <alias>E2E_1201_SHIPPING_METHODS</alias>
         <primary-key>
            <field table="E2E_1201_SHIPPING_METHODS" name="METHODS_ID" xsi:type="column"/>
         </primary-key>
         <events/>
         <querying>
            <queries>
               <query name="getShippingProviderSelect" xsi:type="read-all-query">
                  <criteria operator="equal" xsi:type="relation-expression">
                     <left name="methodsId" xsi:type="query-key-expression">
                        <base xsi:type="base-expression"/>
                     </left>
                     <right xsi:type="parameter-expression">
                        <parameter name="smi" xsi:type="column"/>
                     </right>
                  </criteria>
                  <arguments>
                     <argument name="smi">
                        <type>java.lang.String</type>
                     </argument>
                  </arguments>
                  <reference-class>getShippingProvider.E2E1201_ShippingMethods</reference-class>
                  <container xsi:type="list-container-policy">
                     <collection-type>java.util.Vector</collection-type>
                  </container>
               </query>
            </queries>
         </querying>
         <attribute-mappings>
            <attribute-mapping xsi:type="direct-mapping">
               <attribute-name>methodsId</attribute-name>
               <field table="E2E_1201_SHIPPING_METHODS" name="METHODS_ID" xsi:type="column"/>
               <attribute-classification>java.math.BigInteger</attribute-classification>
            </attribute-mapping>
            <attribute-mapping xsi:type="direct-mapping">
               <attribute-name>name</attribute-name>
               <field table="E2E_1201_SHIPPING_METHODS" name="NAME" xsi:type="column"/>
               <attribute-classification>java.lang.String</attribute-classification>
            </attribute-mapping>
            <attribute-mapping xsi:type="direct-mapping">
               <attribute-name>providerId</attribute-name>
               <read-only>true</read-only>
               <properties>
                  <property name="fkPlaceholder">
                     <value>true</value>
                  </property>
               </properties>
               <field table="E2E_1201_SHIPPING_METHODS" name="PROVIDER_ID" xsi:type="column"/>
               <attribute-classification>java.math.BigInteger</attribute-classification>
            </attribute-mapping>
            <attribute-mapping xsi:type="one-to-one-mapping">
               <attribute-name>providerId</attribute-name>
               <reference-class>getShippingProvider.E2E1201_ShippingProviders</reference-class>
               <private-owned>true</private-owned>
               <foreign-key>
                  <field-reference>
                     <source-field table="E2E_1201_SHIPPING_METHODS" name="PROVIDER_ID" xsi:type="column"/>
                     <target-field table="E2E_1201_SHIPPING_PROVIDERS" name="PROVIDER_ID" xsi:type="column"/>
                  </field-reference>
               </foreign-key>
               <foreign-key-fields>
                  <field table="E2E_1201_SHIPPING_METHODS" name="PROVIDER_ID" xsi:type="column"/>
               </foreign-key-fields>
               <batch-reading>true</batch-reading>
               <indirection xsi:type="value-holder-indirection-policy"/>
               <selection-query xsi:type="read-object-query">
                  <reference-class>getShippingProvider.E2E1201_ShippingProviders</reference-class>
               </selection-query>
            </attribute-mapping>
         </attribute-mappings>
         <descriptor-type>independent</descriptor-type>
         <caching>
            <cache-type>weak-reference</cache-type>
            <cache-size>-1</cache-size>
            <always-refresh>true</always-refresh>
         </caching>
         <remote-caching>
            <cache-type>weak-reference</cache-type>
            <cache-size>-1</cache-size>
         </remote-caching>
         <instantiation/>
         <copying xsi:type="instantiation-copy-policy"/>
         <tables>
            <table name="E2E_1201_SHIPPING_METHODS"/>
         </tables>
         <structure>structureName</structure>
      </class-mapping-descriptor>
      <class-mapping-descriptor xsi:type="object-relational-class-mapping-descriptor">
         <class>getShippingProvider.E2E1201_ShippingProviders</class>
         <alias>E2E_1201_SHIPPING_PROVIDERS</alias>
         <primary-key>
            <field table="E2E_1201_SHIPPING_PROVIDERS" name="PROVIDER_ID" xsi:type="column"/>
         </primary-key>
         <events/>
         <querying/>
         <attribute-mappings>
            <attribute-mapping xsi:type="direct-mapping">
               <attribute-name>providerId</attribute-name>
               <field table="E2E_1201_SHIPPING_PROVIDERS" name="PROVIDER_ID" xsi:type="column"/>
               <attribute-classification>java.math.BigInteger</attribute-classification>
            </attribute-mapping>
            <attribute-mapping xsi:type="direct-mapping">
               <attribute-name>name</attribute-name>
               <field table="E2E_1201_SHIPPING_PROVIDERS" name="NAME" xsi:type="column"/>
               <attribute-classification>java.lang.String</attribute-classification>
            </attribute-mapping>
         </attribute-mappings>
         <descriptor-type>independent</descriptor-type>
         <caching>
            <cache-type>weak-reference</cache-type>
            <cache-size>-1</cache-size>
            <always-refresh>true</always-refresh>
         </caching>
         <remote-caching>
            <cache-type>weak-reference</cache-type>
            <cache-size>-1</cache-size>
         </remote-caching>
         <instantiation/>
         <copying xsi:type="instantiation-copy-policy"/>
         <tables>
            <table name="E2E_1201_SHIPPING_PROVIDERS"/>
         </tables>
         <structure>structureName</structure>
      </class-mapping-descriptor>
   </class-mapping-descriptors>
   <login xsi:type="database-login">
      <platform-class>org.eclipse.persistence.platform.database.oracle.Oracle9Platform</platform-class>
      <connection-url></connection-url>
   </login>
</object-persistence>
