<?xml version="1.0" encoding="UTF-8"?>
<dgm:gDiagram xmlns:dgm="http://xmlns.oracle.com/sca/soadgm">
    <dgm:gService name="receiveorder_client_ep">
        <dgm:body borderWidth="2" arcRad="20" X="21" Y="145" width="137" height="84">
            <dgm:borderColor r="153" g="153" b="153"/>
            <dgm:bgColor r="255" g="255" b="255"/>
        </dgm:body>
        <dgm:shadow arcRad="20" X="11" Y="138" width="156" height="98">
            <dgm:bgColor r="196" g="228" b="240"/>
        </dgm:shadow>
        <dgm:outputPort name="receiveorder_client_ep" X="127" Y="0" diameter="20" imageURI="oracle/tip/tools/ide/fabric/resource/image/visuals_rd1/servicereference.png" interface="http://www.oracle.com/ProcessOrder#wsdl.interface(processOrderPortType)"/>
        <dgm:nodeIcon URI="/oracle/tip/tools/ide/adapters/designtime/adapter/images/soap_service_20x20.png" X="20" Y="4" width="20" height="20"/>
        <dgm:sensorIcon URI="oracle/tip/tools/ide/fabric/resource/image/visuals_rd1/sensor.png" X="111" Y="8" width="12" height="12"/>
        <dgm:operations>
            <dgm:item>process</dgm:item>
        </dgm:operations>
    </dgm:gService>
    <dgm:gReference name="writeOrderToDatabase">
        <dgm:body borderWidth="2" arcRad="20" X="805" Y="26" width="136" height="84">
            <dgm:borderColor r="153" g="153" b="153"/>
            <dgm:bgColor r="255" g="255" b="255"/>
        </dgm:body>
        <dgm:shadow arcRad="20" X="795" Y="19" width="156" height="98">
            <dgm:bgColor r="196" g="228" b="240"/>
        </dgm:shadow>
        <dgm:inputPort name="writeOrderToDatabase" X="-10" Y="0" diameter="20" imageURI="oracle/tip/tools/ide/fabric/resource/image/visuals_rd1/servicereference.png" interface="http://xmlns.oracle.com/pcbpel/adapter/db/e2e-1201-composites/ProcessOrderTemplate/writeOrderToDatabase#wsdl.interface(writeOrderToDatabase_ptt)"/>
        <dgm:nodeIcon URI="/oracle/tip/tools/ide/adapters/designtime/adapter/images/db_adapter_20x20.png" X="27" Y="4" width="20" height="20"/>
        <dgm:operations>
            <dgm:item>insert</dgm:item>
        </dgm:operations>
    </dgm:gReference>
    <dgm:gReference name="updateOrderStatus">
        <dgm:body borderWidth="2" arcRad="20" X="805" Y="144" width="136" height="84">
            <dgm:borderColor r="153" g="153" b="153"/>
            <dgm:bgColor r="255" g="255" b="255"/>
        </dgm:body>
        <dgm:shadow arcRad="20" X="795" Y="137" width="156" height="98">
            <dgm:bgColor r="196" g="228" b="240"/>
        </dgm:shadow>
        <dgm:inputPort name="updateOrderStatus" X="-10" Y="0" diameter="20" imageURI="oracle/tip/tools/ide/fabric/resource/image/visuals_rd1/servicereference.png" interface="http://xmlns.oracle.com/pcbpel/adapter/db/e2e-1201-composites/ProcessOrder/updateOrderStatus#wsdl.interface(updateOrderStatus_ptt)"/>
        <dgm:nodeIcon URI="/oracle/tip/tools/ide/adapters/designtime/adapter/images/db_adapter_20x20.png" X="27" Y="4" width="20" height="20"/>
        <dgm:operations>
            <dgm:item>update</dgm:item>
        </dgm:operations>
    </dgm:gReference>
    <dgm:gReference name="validatePayment">
        <dgm:body borderWidth="2" arcRad="20" X="805" Y="262" width="136" height="84">
            <dgm:borderColor r="153" g="153" b="153"/>
            <dgm:bgColor r="255" g="255" b="255"/>
        </dgm:body>
        <dgm:shadow arcRad="20" X="795" Y="255" width="156" height="98">
            <dgm:bgColor r="196" g="228" b="240"/>
        </dgm:shadow>
        <dgm:inputPort name="validatePayment" X="-10" Y="0" diameter="20" imageURI="oracle/tip/tools/ide/fabric/resource/image/visuals_rd1/servicereference.png" interface="http://www.oracle.com/ValidatePayment#wsdl.interface(validatePaymentPortType)"/>
        <dgm:nodeIcon URI="/oracle/tip/tools/ide/adapters/designtime/adapter/images/soap_service_20x20.png" X="27" Y="4" width="20" height="20"/>
        <dgm:operations>
            <dgm:item>validate</dgm:item>
        </dgm:operations>
    </dgm:gReference>
    <dgm:gComponent name="receiveOrder">
        <dgm:body borderWidth="2" arcRad="20" X="287" Y="130" width="130" height="61">
            <dgm:borderColor r="69" g="113" b="140"/>
            <dgm:lightBgColor r="166" g="208" b="230"/>
            <dgm:darkBgColor r="99" g="162" b="201"/>
        </dgm:body>
        <dgm:shadow arcRad="20" X="277" Y="123" width="150" height="77">
            <dgm:bgColor r="196" g="228" b="240"/>
        </dgm:shadow>
        <dgm:inputPort name="receiveorder_client" X="-10" Y="15" diameter="20" imageURI="oracle/tip/tools/ide/fabric/resource/image/visuals_rd1/servicereference.png" interface="http://www.oracle.com/ProcessOrder#wsdl.interface(processOrderPortType)"/>
        <dgm:outputPort name="validateAndProcessOrder.validateandprocessorder_client" X="120" Y="15" diameter="20" imageURI="oracle/tip/tools/ide/fabric/resource/image/visuals_rd1/servicereference.png" interface="http://xmlns.oracle.com/e2e_1201_composites/ProcessOrderTemplate/validateAndProcessOrder#wsdl.interface(validateAndProcessOrder)"/>
        <dgm:nodeIcon URI="/oracle/tip/tools/ide/bpel/shared/plugins/resources/images/soa/process_20x20.png" X="10" Y="4" width="20" height="20"/>
    </dgm:gComponent>
    <dgm:gComponent name="validateAndProcessOrder">
        <dgm:body borderWidth="2" arcRad="20" X="546" Y="130" width="130" height="111">
            <dgm:borderColor r="69" g="113" b="140"/>
            <dgm:lightBgColor r="166" g="208" b="230"/>
            <dgm:darkBgColor r="99" g="162" b="201"/>
        </dgm:body>
        <dgm:shadow arcRad="20" X="536" Y="123" width="150" height="127">
            <dgm:bgColor r="196" g="228" b="240"/>
        </dgm:shadow>
        <dgm:inputPort name="validateandprocessorder_client" X="-10" Y="15" diameter="20" imageURI="oracle/tip/tools/ide/fabric/resource/image/visuals_rd1/servicereference.png" interface="http://xmlns.oracle.com/e2e_1201_composites/ProcessOrderTemplate/validateAndProcessOrder#wsdl.interface(validateAndProcessOrder)"/>
        <dgm:outputPort name="writeOrderToDatabase" X="120" Y="15" diameter="20" imageURI="oracle/tip/tools/ide/fabric/resource/image/visuals_rd1/servicereference.png" interface="http://xmlns.oracle.com/pcbpel/adapter/db/e2e-1201-composites/ProcessOrderTemplate/writeOrderToDatabase#wsdl.interface(writeOrderToDatabase_ptt)"/>
        <dgm:outputPort name="updateOrderStatus" X="120" Y="40" diameter="20" imageURI="oracle/tip/tools/ide/fabric/resource/image/visuals_rd1/servicereference.png" interface="http://xmlns.oracle.com/pcbpel/adapter/db/e2e-1201-composites/ProcessOrder/updateOrderStatus#wsdl.interface(updateOrderStatus_ptt)"/>
        <dgm:outputPort name="validatePayment" X="120" Y="65" diameter="20" imageURI="oracle/tip/tools/ide/fabric/resource/image/visuals_rd1/servicereference.png" interface="http://www.oracle.com/ValidatePayment#wsdl.interface(validatePaymentPortType)"/>
        <dgm:nodeIcon URI="/oracle/tip/tools/ide/bpel/shared/plugins/resources/images/soa/process_20x20.png" X="10" Y="4" width="20" height="20"/>
    </dgm:gComponent>
    <dgm:gWireLink source="receiveorder_client_ep" target="receiveOrder/receiveorder_client" width="2">
        <dgm:gSegment X1="168" Y1="155" X2="277" Y2="155"/>
        <dgm:baseColor r="153" g="153" b="153"/>
        <dgm:selectedColor r="49" g="106" b="196"/>
    </dgm:gWireLink>
    <dgm:gWireLink source="receiveOrder/validateAndProcessOrder.validateandprocessorder_client" target="validateAndProcessOrder/validateandprocessorder_client" width="2">
        <dgm:gSegment X1="427" Y1="155" X2="536" Y2="155"/>
        <dgm:baseColor r="153" g="153" b="153"/>
        <dgm:selectedColor r="49" g="106" b="196"/>
    </dgm:gWireLink>
    <dgm:gWireLink source="validateAndProcessOrder/writeOrderToDatabase" target="writeOrderToDatabase" width="2">
        <dgm:gSegment X1="686" Y1="155" X2="710" Y2="155"/>
        <dgm:gSegment X1="710" Y1="155" X2="710" Y2="36"/>
        <dgm:gSegment X1="710" Y1="36" X2="795" Y2="36"/>
        <dgm:baseColor r="153" g="153" b="153"/>
        <dgm:selectedColor r="49" g="106" b="196"/>
    </dgm:gWireLink>
    <dgm:gWireLink source="validateAndProcessOrder/updateOrderStatus" target="updateOrderStatus" width="2">
        <dgm:gSegment X1="686" Y1="180" X2="725" Y2="180"/>
        <dgm:gSegment X1="725" Y1="180" X2="725" Y2="154"/>
        <dgm:gSegment X1="725" Y1="154" X2="795" Y2="154"/>
        <dgm:baseColor r="153" g="153" b="153"/>
        <dgm:selectedColor r="49" g="106" b="196"/>
    </dgm:gWireLink>
    <dgm:gWireLink source="validateAndProcessOrder/validatePayment" target="validatePayment" width="2">
        <dgm:gSegment X1="686" Y1="205" X2="710" Y2="205"/>
        <dgm:gSegment X1="710" Y1="205" X2="710" Y2="272"/>
        <dgm:gSegment X1="710" Y1="272" X2="795" Y2="272"/>
        <dgm:baseColor r="153" g="153" b="153"/>
        <dgm:selectedColor r="49" g="106" b="196"/>
    </dgm:gWireLink>
</dgm:gDiagram>