<?xml version = '1.0' encoding = 'UTF-8'?>
<graphics>
   <diagram optimizeLayout="false" fixedWidthSwimlanes="true" roundedPartnerlinks="true" centerZoom="true" validateOnLoad="true" confirmBeforeDelete="true" selectedPartnerLinkColor="49,105,198" swimlaneBackground="240,240,240" swimlaneDividerBackground="218,218,218" graphBackground="255,255,255" selectedBorderBackground="49,105,198" connectedPartnerLinkColor="204,204,255" connectablePartnerLinkColor="0,0,255" unconnectedPartnerLinkColor="192,192,192"/>
   <annotationfile/>
   <iconize/>
   <partnerlink_locations>
      <partnerlink name="fulfillorder_client" x="0" y="90" side="left"/>
      <partnerlink name="DetermineShippingRules.DetermineShippingRules_DecisionService_1" x="0" y="18" side="left"/>
      <partnerlink name="queryCoherence" x="0" y="277" side="left"/>
      <partnerlink name="getShippingProvider" x="732" y="603" side="right"/>
      <partnerlink name="packAndShipOrder" x="732" y="1157" side="right"/>
      <partnerlink name="putIntoCoherence" x="732" y="891" side="right"/>
   </partnerlink_locations>
   <graph_layout viewport="0,874,878,432" show_swimlanes="true">
      <layout_item collapsed="false" xpath="/process" type="process" showhandlers="true"/>
      <layout_item collapsed="false" xpath="/process/sequence" type="sequence"/>
      <layout_item collapsed="true" xpath="/process/sequence/scope" type="rule" showhandlers="true"/>
      <layout_item collapsed="false" xpath="/process/sequence/scope/sequence" type="sequence"/>
      <layout_item collapsed="false" xpath="/process/sequence/if/else/sequence" type="sequence"/>
   </graph_layout>
   <bookmarks/>
</graphics>
