<?xml version="1.0" encoding="UTF-8" ?>
<!-- Generated by Oracle SOA Modeler version 12.1.1.0.0 at [4/15/13 4:20 AM]. -->
<!--Generated by Oracle SOA Modeler version 12.1.3.0.0 at [7/14/13 4:00 PM].-->
<!--Generated by Oracle SOA Modeler version 12.1.3.0.0 at [8/15/13 2:31 PM].-->
<composite name="FulfillOrder"
           revision="1.0"
           label="2013-04-15_04-20-16_715"
           mode="active"
           state="on"
           xmlns="http://xmlns.oracle.com/sca/1.0"
           xmlns:xs="http://www.w3.org/2001/XMLSchema"
           xmlns:wsp="http://schemas.xmlsoap.org/ws/2004/09/policy"
           xmlns:orawsp="http://schemas.oracle.com/ws/2006/01/policy"
           xmlns:ui="http://xmlns.oracle.com/soa/designer/"
           xmlns:sca-ext="http://xmlns.oracle.com/sca/1.0-ext">
  <import namespace="http://xmlns.oracle.com/pcbpel/adapter/db/e2e-1201-composites-templates/FulfillOrder/ReceiveOrdersReadyForShipment"
          location="WSDLs/ReceiveOrdersReadyForShipment.wsdl" importType="wsdl"/>
  <import namespace="http://xmlns.oracle.com/e2e_1201_composites_templates/FulfillOrder/fulfillOrder"
          location="WSDLs/fulfillOrder.wsdl" importType="wsdl"/>
  <import namespace="http://xmlns.oracle.com/pcbpel/adapter/db/e2e-1201-composites/FulfillOrder/getShippingProvider"
          location="WSDLs/getShippingProvider.wsdl" importType="wsdl"/>
  <import namespace="http://xmlns.oracle.com/DetermineShippingRules/DetermineShippingRules_DecisionService_1"
          location="WSDLs/DetermineShippingRules_DecisionService_1.wsdl" importType="wsdl"/>
  <import namespace="http://xmlns.oracle.com/e2e-1201-composites/FulfillOrder/RestReference"
          location="WSDLs/RestReference.wsdl" importType="wsdl"/>
  <import namespace="http://xmlns.oracle.com/pcbpel/adapter/coherence/e2e-1201-composites/FulfillOrder/queryCoherence"
          location="WSDLs/queryCoherence.wsdl" importType="wsdl"/>
  <import namespace="http://xmlns.oracle.com/pcbpel/adapter/coherence/e2e-1201-composites/FulfillOrder/putIntoCoherence"
          location="WSDLs/putIntoCoherence.wsdl" importType="wsdl"/>
  <service name="ReceiveOrdersReadyForShipment" ui:wsdlLocation="WSDLs/ReceiveOrdersReadyForShipment.wsdl">
    <interface.wsdl interface="http://xmlns.oracle.com/pcbpel/adapter/db/e2e-1201-composites-templates/FulfillOrder/ReceiveOrdersReadyForShipment#wsdl.interface(ReceiveOrdersReadyForShipment_ptt)"/>
    <binding.jca config="Adapters/ReceiveOrdersReadyForShipment_db.jca">
      <property name="useRejectedMessageRecovery" type="xs:string" many="false" override="may">true</property>
    </binding.jca>
    <property name="jca.retry.count" type="xs:int" many="false" override="may">2147483647</property>
    <property name="jca.retry.interval" type="xs:int" many="false" override="may">1</property>
    <property name="jca.retry.backoff" type="xs:int" many="false" override="may">2</property>
    <property name="jca.retry.maxInterval" type="xs:string" many="false" override="may">120</property>
  </service>
  <property name="compositeID" type="xs:string" many="false">f5681ab3-6158-4b64-8947-cbdaaaf21959</property>
  <property name="productVersion" type="xs:string" many="false">12.1.3.0.0</property>
  <component name="receiveOrderToShip" version="2.0">
    <implementation.bpel src="BPEL/receiveOrderToShip.bpel"/>
    <componentType>
      <service name="ReceiveOrdersReadyForShipment" ui:wsdlLocation="WSDLs/ReceiveOrdersReadyForShipment.wsdl">
        <interface.wsdl interface="http://xmlns.oracle.com/pcbpel/adapter/db/e2e-1201-composites-templates/FulfillOrder/ReceiveOrdersReadyForShipment#wsdl.interface(ReceiveOrdersReadyForShipment_ptt)"/>
      </service>
      <reference name="fulfillOrder.fulfillorder_client" ui:wsdlLocation="WSDLs/fulfillOrder.wsdl">
        <interface.wsdl interface="http://xmlns.oracle.com/e2e_1201_composites_templates/FulfillOrder/fulfillOrder#wsdl.interface(fulfillOrder)"/>
      </reference>
    </componentType>
    <property name="bpel.config.transaction" type="xs:string" many="false">required</property>
    <property name="bpel.config.oneWayDeliveryPolicy" type="xs:string" many="false">sync</property>
  </component>
  <component name="fulfillOrder" version="2.0">
    <implementation.bpel src="BPEL/fulfillOrder.bpel"/>
    <componentType>
      <service name="fulfillorder_client" ui:wsdlLocation="WSDLs/fulfillOrder.wsdl">
        <interface.wsdl interface="http://xmlns.oracle.com/e2e_1201_composites_templates/FulfillOrder/fulfillOrder#wsdl.interface(fulfillOrder)"/>
      </service>
      <reference name="getShippingProvider" ui:wsdlLocation="WSDLs/getShippingProvider.wsdl">
        <interface.wsdl interface="http://xmlns.oracle.com/pcbpel/adapter/db/e2e-1201-composites/FulfillOrder/getShippingProvider#wsdl.interface(getShippingProvider_ptt)"/>
      </reference>
      <reference name="DetermineShippingRules.DetermineShippingRules_DecisionService_1"
                 ui:wsdlLocation="WSDLs/DetermineShippingRules_DecisionService_1.wsdl">
        <interface.wsdl interface="http://xmlns.oracle.com/DetermineShippingRules/DetermineShippingRules_DecisionService_1#wsdl.interface(IDecisionService)"/>
      </reference>
      <reference name="packAndShipOrder" ui:wsdlLocation="WSDLs/RestReference.wsdl">
        <interface.wsdl interface="http://xmlns.oracle.com/e2e-1201-composites/FulfillOrder/RestReference#wsdl.interface(RestReference_ptt)"/>
      </reference>
      <reference name="queryCoherence" ui:wsdlLocation="WSDLs/queryCoherence.wsdl">
        <interface.wsdl interface="http://xmlns.oracle.com/pcbpel/adapter/coherence/e2e-1201-composites/FulfillOrder/queryCoherence#wsdl.interface(Get_ptt)"/>
      </reference>
      <reference name="putIntoCoherence" ui:wsdlLocation="WSDLs/putIntoCoherence.wsdl">
        <interface.wsdl interface="http://xmlns.oracle.com/pcbpel/adapter/coherence/e2e-1201-composites/FulfillOrder/putIntoCoherence#wsdl.interface(Put_ptt)"/>
      </reference>
    </componentType>
    <property name="bpel.config.transaction" type="xs:string" many="false">required</property>
    <property name="bpel.config.oneWayDeliveryPolicy" type="xs:string" many="false">async.persist</property>
  </component>
  <component name="DetermineShippingRules">
    <implementation.decision src="DetermineShippingRules.decs"/>
    <componentType>
      <service name="DetermineShippingRules_DecisionService_1"
               ui:wsdlLocation="WSDLs/DetermineShippingRules_DecisionService_1.wsdl">
        <interface.wsdl interface="http://xmlns.oracle.com/DetermineShippingRules/DetermineShippingRules_DecisionService_1#wsdl.interface(IDecisionService)"/>
      </service>
    </componentType>
  </component>
  <reference name="getShippingProvider" ui:wsdlLocation="WSDLs/getShippingProvider.wsdl">
    <interface.wsdl interface="http://xmlns.oracle.com/pcbpel/adapter/db/e2e-1201-composites/FulfillOrder/getShippingProvider#wsdl.interface(getShippingProvider_ptt)"/>
    <binding.jca config="Adapters/getShippingProvider_db.jca"/>
    <property name="jca.retry.count" type="xs:int" many="false" override="may">4</property>
    <property name="jca.retry.interval" type="xs:int" many="false" override="may">1</property>
    <property name="jca.retry.backoff" type="xs:int" many="false" override="may">2</property>
    <property name="jca.retry.maxInterval" type="xs:string" many="false" override="may">120</property>
  </reference>
  <reference name="packAndShipOrder" ui:wsdlLocation="WSDLs/RestReference.wsdl">
    <interface.wsdl interface="http://xmlns.oracle.com/e2e-1201-composites/FulfillOrder/RestReference#wsdl.interface(RestReference_ptt)"/>
    <binding.rest config="Adapters/RestReference.wadl"
                  location="http://localhost:7101/soa-infra/resources/default/PackAndShipService!1.0/packingService"/>
  </reference>
  <reference name="queryCoherence" ui:wsdlLocation="WSDLs/queryCoherence.wsdl">
    <interface.wsdl interface="http://xmlns.oracle.com/pcbpel/adapter/coherence/e2e-1201-composites/FulfillOrder/queryCoherence#wsdl.interface(Get_ptt)"/>
    <binding.jca config="Adapters/queryCoherence_coherence.jca"/>
  </reference>
  <reference name="putIntoCoherence" ui:wsdlLocation="WSDLs/putIntoCoherence.wsdl">
    <interface.wsdl interface="http://xmlns.oracle.com/pcbpel/adapter/coherence/e2e-1201-composites/FulfillOrder/putIntoCoherence#wsdl.interface(Put_ptt)"/>
    <binding.jca config="Adapters/putIntoCoherence_coherence.jca"/>
  </reference>
  <wire>
    <source.uri>ReceiveOrdersReadyForShipment</source.uri>
    <target.uri>receiveOrderToShip/ReceiveOrdersReadyForShipment</target.uri>
  </wire>
  <wire>
    <source.uri>receiveOrderToShip/fulfillOrder.fulfillorder_client</source.uri>
    <target.uri>fulfillOrder/fulfillorder_client</target.uri>
  </wire>
  <wire>
    <source.uri>fulfillOrder/getShippingProvider</source.uri>
    <target.uri>getShippingProvider</target.uri>
  </wire>
  <wire>
    <source.uri>fulfillOrder/DetermineShippingRules.DetermineShippingRules_DecisionService_1</source.uri>
    <target.uri>DetermineShippingRules/DetermineShippingRules_DecisionService_1</target.uri>
  </wire>
  <wire>
    <source.uri>fulfillOrder/packAndShipOrder</source.uri>
    <target.uri>packAndShipOrder</target.uri>
  </wire>
  <wire>
    <source.uri>fulfillOrder/queryCoherence</source.uri>
    <target.uri>queryCoherence</target.uri>
  </wire>
  <wire>
    <source.uri>fulfillOrder/putIntoCoherence</source.uri>
    <target.uri>putIntoCoherence</target.uri>
  </wire>
</composite>
